name,type,pos,poss,pose,size,stru,ori,division,weld
 =21945/777696,SCTN,X 110720mm Y -4705mm Z 30451mm,X 110720mm Y -4705mm Z 30451mm,X 110720mm Y -6975mm Z 30451mm,ANG_75x75x6,=21945/777694,   0.000   0.000  -1.000,SUPP,
 =21945/777703,SCTN,X 111360mm Y -4705mm Z 30451mm,X 111360mm Y -4705mm Z 30451mm,X 111360mm Y -6975mm Z 30451mm,ANG_75x75x6,=21945/777694,  -1.000   0.000   0.000,SUPP,
 =21945/777709,SCTN,X 110726mm Y -5805mm Z 30451mm,X 110726mm Y -5805mm Z 30451mm,X 111354mm Y -5805mm Z 30451mm,ANG_75x75x6,=21945/777694,   0.000  -1.000   0.000,SUPP,
 =21945/820088,SCTN,X 112065mm Y -9665mm Z 30451mm,X 112065mm Y -9665mm Z 30451mm,X 112065mm Y -9485mm Z 30451mm,ANG_130x130x12,=30137/314172,   1.000   0.000   0.000,SUPP,
 =21945/820090,SCTN,X 112065mm Y -8795mm Z 31159mm,X 112065mm Y -8795mm Z 31159mm,X 112065mm Y -8275mm Z 31159mm,ANG_65x65x6,=21945/820078,   1.000   0.000   0.000,SUPP,
 =21945/820091,SCTN,X 112065mm Y -8795mm Z 31159mm,X 112065mm Y -8795mm Z 31159mm,X 112065mm Y -8795mm Z 30451mm,ANG_65x65x6,=21945/820078,   0.000   1.000   0.000,SUPP,
 =21945/2202408,SCTN,X 115500mm Y -1500mm Z 30301mm,X 115500mm Y -1500mm Z 30301mm,X 115500mm Y -1500mm Z 29980mm,TUBE_165.2x7.1,=21945/2202406,   0.000   1.000   0.000,SUPP,
 =21945/2202411,SCTN,X 110840mm Y -1500mm Z 30301mm,X 110840mm Y -1500mm Z 30301mm,X 110840mm Y -1500mm Z 29980mm,TUBE_165.2x7.1,=21945/2202406,   0.000   1.000   0.000,SUPP,
 =21945/2202414,SCTN,X 113190mm Y -1500mm Z 30301mm,X 113190mm Y -1500mm Z 30301mm,X 113190mm Y -1500mm Z 29980mm,TUBE_165.2x7.1,=21945/2202406,   0.000   1.000   0.000,SUPP,
 =21945/2202417,SCTN,X 110705mm Y -1500mm Z 30376mm,X 110705mm Y -1500mm Z 30376mm,X 115955mm Y -1500mm Z 30376mm,BEAM_150x150x7x10,=21945/2202406,   0.000  -1.000   0.000,SUPP,
 =21945/2202948,SCTN,X 115500mm Y -4485mm Z 30301mm,X 115500mm Y -4485mm Z 30301mm,X 115500mm Y -4485mm Z 29897mm,TUBE_165.2x7.1,=21945/2202946,   0.000   1.000   0.000,SUPP,
 =21945/2202951,SCTN,X 110840mm Y -4485mm Z 30301mm,X 110840mm Y -4485mm Z 30301mm,X 110840mm Y -4485mm Z 29897mm,TUBE_165.2x7.1,=21945/2202946,   0.000   1.000   0.000,SUPP,
 =21945/2202954,SCTN,X 113190mm Y -4485mm Z 30301mm,X 113190mm Y -4485mm Z 30301mm,X 113190mm Y -4485mm Z 29897mm,TUBE_165.2x7.1,=21945/2202946,   0.000   1.000   0.000,SUPP,
 =21945/2202957,SCTN,X 110705mm Y -4485mm Z 30376mm,X 110705mm Y -4485mm Z 30376mm,X 115955mm Y -4485mm Z 30376mm,BEAM_150x150x7x10,=21945/2202946,   0.000  -1.000   0.000,SUPP,
 =21945/2203241,SCTN,X 115500mm Y -7195mm Z 30301mm,X 115500mm Y -7195mm Z 30301mm,X 115500mm Y -7195mm Z 29822mm,TUBE_165.2x7.1,=21945/2203239,   0.000   1.000   0.000,SUPP,
 =21945/2203244,SCTN,X 110840mm Y -7195mm Z 30301mm,X 110840mm Y -7195mm Z 30301mm,X 110840mm Y -7195mm Z 29822mm,TUBE_165.2x7.1,=21945/2203239,   0.000   1.000   0.000,SUPP,
 =21945/2203247,SCTN,X 113190mm Y -7195mm Z 30301mm,X 113190mm Y -7195mm Z 30301mm,X 113190mm Y -7195mm Z 29822mm,TUBE_165.2x7.1,=21945/2203239,   0.000   1.000   0.000,SUPP,
 =21945/2203250,SCTN,X 110340mm Y -7195mm Z 30376mm,X 110340mm Y -7195mm Z 30376mm,X 115995mm Y -7195mm Z 30376mm,BEAM_150x150x7x10,=21945/2203239,   0.000  -1.000   0.000,SUPP,
 =21945/2341434,SCTN,X 115182mm Y -7150mm Z 31007mm,X 115182mm Y -7150mm Z 31007mm,X 115948mm Y -7150mm Z 31007mm,ANG_90x90x10,=21945/2203239,   0.000   0.000   1.000,SUPP,
 =21945/2341437,SCTN,X 115286mm Y -7150mm Z 30997mm,X 115286mm Y -7150mm Z 30997mm,X 115286mm Y -7150mm Z 30451mm,ANG_90x90x10,=21945/2203239,   0.000  -1.000   0.000,SUPP,
 =21945/2341438,SCTN,X 115844mm Y -7150mm Z 30997mm,X 115844mm Y -7150mm Z 30997mm,X 115844mm Y -7150mm Z 30451mm,ANG_90x90x10,=21945/2203239,   1.000   0.000   0.000,SUPP,
 =21945/2341480,SCTN,X 114032mm Y -7150mm Z 31007mm,X 114032mm Y -7150mm Z 31007mm,X 114798mm Y -7150mm Z 31007mm,ANG_90x90x10,=21945/2203239,   0.000   0.000   1.000,SUPP,
 =21945/2341483,SCTN,X 114136mm Y -7150mm Z 30997mm,X 114136mm Y -7150mm Z 30997mm,X 114136mm Y -7150mm Z 30451mm,ANG_90x90x10,=21945/2203239,   0.000  -1.000   0.000,SUPP,
 =21945/2341484,SCTN,X 114694mm Y -7150mm Z 30997mm,X 114694mm Y -7150mm Z 30997mm,X 114694mm Y -7150mm Z 30451mm,ANG_90x90x10,=21945/2203239,   1.000   0.000   0.000,SUPP,
 =21945/2341526,SCTN,X 112876mm Y -7150mm Z 30870mm,X 112876mm Y -7150mm Z 30870mm,X 113504mm Y -7150mm Z 30870mm,ANG_90x90x10,=21945/2203239,   0.000   0.000   1.000,SUPP,
 =21945/2341529,SCTN,X 112980mm Y -7150mm Z 30860mm,X 112980mm Y -7150mm Z 30860mm,X 112980mm Y -7150mm Z 30451mm,ANG_90x90x10,=21945/2203239,   0.000  -1.000   0.000,SUPP,
 =21945/2341530,SCTN,X 113400mm Y -7150mm Z 30860mm,X 113400mm Y -7150mm Z 30860mm,X 113400mm Y -7150mm Z 30451mm,ANG_90x90x10,=21945/2203239,   1.000   0.000   0.000,SUPP,
 =21945/2341572,SCTN,X 112150mm Y -7150mm Z 30870mm,X 112150mm Y -7150mm Z 30870mm,X 112780mm Y -7150mm Z 30870mm,ANG_90x90x10,=21945/2203239,   0.000   0.000   1.000,SUPP,
 =21945/2341575,SCTN,X 112254mm Y -7150mm Z 30860mm,X 112254mm Y -7150mm Z 30860mm,X 112254mm Y -7150mm Z 30451mm,ANG_90x90x10,=21945/2203239,   0.000  -1.000   0.000,SUPP,
 =21945/2341576,SCTN,X 112676mm Y -7150mm Z 30860mm,X 112676mm Y -7150mm Z 30860mm,X 112676mm Y -7150mm Z 30451mm,ANG_90x90x10,=21945/2203239,   1.000   0.000   0.000,SUPP,
 =21945/2341618,SCTN,X 111332mm Y -7150mm Z 31007mm,X 111332mm Y -7150mm Z 31007mm,X 112098mm Y -7150mm Z 31007mm,ANG_90x90x10,=21945/2203239,   0.000   0.000   1.000,SUPP,
 =21945/2341621,SCTN,X 111436mm Y -7150mm Z 30997mm,X 111436mm Y -7150mm Z 30997mm,X 111436mm Y -7150mm Z 30451mm,ANG_90x90x10,=21945/2203239,   0.000  -1.000   0.000,SUPP,
 =21945/2341622,SCTN,X 111994mm Y -7150mm Z 30997mm,X 111994mm Y -7150mm Z 30997mm,X 111994mm Y -7150mm Z 30451mm,ANG_90x90x10,=21945/2203239,   1.000   0.000   0.000,SUPP,
 =21945/2341636,SCTN,X 110720mm Y -4488mm Z 30451mm,X 110720mm Y -4488mm Z 30451mm,X 110720mm Y -4685mm Z 30451mm,ANG_75x75x6,=21945/2202946,   0.000   0.000  -1.000,SUPP,
 =21945/2341641,SCTN,X 110720mm Y -7192mm Z 30451mm,X 110720mm Y -7192mm Z 30451mm,X 110720mm Y -6995mm Z 30451mm,ANG_75x75x6,=21945/2203239,   1.000   0.000   0.000,SUPP,
 =21945/2342942,SCTN,X 111360mm Y -4488mm Z 30451mm,X 111360mm Y -4488mm Z 30451mm,X 111360mm Y -4685mm Z 30451mm,ANG_75x75x6,=21945/2202946,  -1.000   0.000   0.000,SUPP,
 =21945/2342953,SCTN,X 111360mm Y -7192mm Z 30451mm,X 111360mm Y -7192mm Z 30451mm,X 111360mm Y -6995mm Z 30451mm,ANG_75x75x6,=21945/2203239,   0.000   0.000  -1.000,SUPP,
 =21945/2342966,SCTN,X 110720mm Y -6805mm Z 30713mm,X 110720mm Y -6805mm Z 30713mm,X 111360mm Y -6805mm Z 30713mm,ANG_75x75x6,=21945/2342964,   0.000  -1.000   0.000,SUPP,
 =21945/2342967,SCTN,X 111360mm Y -6805mm Z 30461mm,X 111360mm Y -6805mm Z 30461mm,X 111360mm Y -6805mm Z 30713mm,ANG_75x75x6,=21945/2342964,  -1.000   0.000   0.000,SUPP,
 =21945/2342968,SCTN,X 110720mm Y -6805mm Z 30461mm,X 110720mm Y -6805mm Z 30461mm,X 110720mm Y -6805mm Z 30713mm,ANG_75x75x6,=21945/2342964,   0.000  -1.000   0.000,SUPP,
 =21945/2402045,SCTN,X 113610mm Y -8815mm Z 31160mm,X 113610mm Y -8815mm Z 31160mm,X 113610mm Y -8505mm Z 31160mm,ANG_65x65x6,=21945/2402043,   1.000   0.000   0.000,SUPP,
 =21945/2402069,SCTN,X 114965mm Y -10262mm Z 29873mm,X 114965mm Y -10262mm Z 29873mm,X 115300mm Y -10262mm Z 29873mm,ANG_50x50x6,=30137/314185,   0.000   0.000  -1.000,SUPP,
 =21945/2402070,SCTN,X 115300mm Y -10262mm Z 29873mm,X 115300mm Y -10262mm Z 29873mm,X 115300mm Y -10027mm Z 29873mm,ANG_50x50x6,=30137/314185,   0.000   0.000  -1.000,SUPP,
 =21945/2402093,SCTN,X 110679mm Y -10215mm Z 29873mm,X 110679mm Y -10215mm Z 29873mm,X 110380mm Y -10215mm Z 29873mm,ANG_50x50x6,=21945/2402091,   0.000   0.000  -1.000,SUPP,
 =21945/2403036,SCTN,X 112065mm Y -7198mm Z 30451mm,X 112065mm Y -7198mm Z 30451mm,X 112065mm Y -7545mm Z 30451mm,ANG_130x130x12,=21945/2203239,   0.000   0.000  -1.000,SUPP,
 =21945/2403050,SCTN,X 110785mm Y -8405mm Z 29778mm,X 110785mm Y -8405mm Z 29778mm,X 110785mm Y -8405mm Z 29683mm,ANG_100x100x13,=21945/2403048,   1.000   0.000   0.000,SUPP,
 =21945/2403051,SCTN,X 110785mm Y -8405mm Z 30451mm,X 110785mm Y -8405mm Z 30451mm,X 110785mm Y -8405mm Z 29778mm,ANG_100x100x13,=21945/2403048,   1.000   0.000   0.000,SUPP,
 =21945/2403055,SCTN,X 111350mm Y -8405mm Z 30451mm,X 111350mm Y -8405mm Z 30451mm,X 111350mm Y -8195mm Z 30451mm,ANG_65x65x6,=21945/2403048,   0.000   0.000  -1.000,SUPP,
 =21945/2403063,SCTN,X 111350mm Y -8205mm Z 31159mm,X 111350mm Y -8205mm Z 31159mm,X 111350mm Y -8205mm Z 30451mm,ANG_65x65x6,=21945/2403048,   0.000  -1.000   0.000,SUPP,
 =21945/2403065,SCTN,X 110854mm Y -8405mm Z 30711mm,X 110854mm Y -8405mm Z 30711mm,X 110535mm Y -8405mm Z 30711mm,ANG_65x65x6,=21945/2403048,   0.000   0.000  -1.000,SUPP,
 =21945/2403067,SCTN,X 110860mm Y -8405mm Z 31159mm,X 110860mm Y -8405mm Z 31159mm,X 110860mm Y -8405mm Z 30451mm,ANG_65x65x6,=21945/2403048,   0.000  -1.000   0.000,SUPP,
 =21945/2403069,SCTN,X 110860mm Y -8195mm Z 31159mm,X 110860mm Y -8195mm Z 31159mm,X 110860mm Y -8405mm Z 31159mm,ANG_65x65x6,=21945/2403048,  -1.000   0.000   0.000,SUPP,
 =21945/2403071,SCTN,X 110630mm Y -8405mm Z 31159mm,X 110630mm Y -8405mm Z 31159mm,X 110860mm Y -8405mm Z 31159mm,ANG_65x65x6,=21945/2403048,   0.000  -1.000   0.000,SUPP,
 =21945/2403073,SCTN,X 110860mm Y -8205mm Z 31159mm,X 110860mm Y -8205mm Z 31159mm,X 111350mm Y -8205mm Z 31159mm,ANG_65x65x6,=21945/2403048,   0.000  -1.000   0.000,SUPP,
 =21945/2403111,SCTN,X 113610mm Y -9665mm Z 30451mm,X 113610mm Y -9665mm Z 30451mm,X 113610mm Y -9485mm Z 30451mm,ANG_130x130x12,=30137/314172,   0.000   0.000  -1.000,SUPP,
 =21945/2403120,SCTN,X 113610mm Y -7565mm Z 30451mm,X 113610mm Y -7565mm Z 30451mm,X 113610mm Y -9465mm Z 30451mm,ANG_130x130x12,=21945/2402043,  -1.000   0.000   0.000,SUPP,
 =21945/2403124,SCTN,X 113610mm Y -7198mm Z 30451mm,X 113610mm Y -7198mm Z 30451mm,X 113610mm Y -7545mm Z 30451mm,ANG_130x130x12,=21945/2203239,  -1.000   0.000   0.000,SUPP,
 =21945/2403173,SCTN,X 114863mm Y -7198mm Z 30451mm,X 114863mm Y -7198mm Z 30451mm,X 114863mm Y -7510mm Z 30451mm,ANG_130x130x12,=21945/2203239,  -1.000   0.000   0.000,SUPP,
 =21945/2403192,SCTN,X 115980mm Y -7198mm Z 30451mm,X 115980mm Y -7198mm Z 30451mm,X 115980mm Y -7510mm Z 30451mm,ANG_130x130x12,=21945/2203239,  -1.000   0.000   0.000,SUPP,
 =21945/2403211,SCTN,X 110485mm Y -7198mm Z 30451mm,X 110485mm Y -7198mm Z 30451mm,X 110485mm Y -7510mm Z 30451mm,ANG_130x130x12,=21945/2203239,  -1.000   0.000   0.000,SUPP,
 =21945/2403229,SCTN,X 111375mm Y -8405mm Z 29778mm,X 111375mm Y -8405mm Z 29778mm,X 111375mm Y -8405mm Z 29683mm,ANG_100x100x13,=21945/2403048,   0.000  -1.000   0.000,SUPP,
 =21945/2403230,SCTN,X 111375mm Y -8405mm Z 30451mm,X 111375mm Y -8405mm Z 30451mm,X 111375mm Y -8405mm Z 29778mm,ANG_100x100x13,=21945/2403048,   0.000  -1.000   0.000,SUPP,
 =21945/2403237,SCTN,X 110785mm Y -8405mm Z 30451mm,X 110785mm Y -8405mm Z 30451mm,X 111375mm Y -8405mm Z 30451mm,ANG_100x100x13,=21945/2403048,   0.000  -1.000   0.000,SUPP,
 =21945/2403238,SCTN,X 111375mm Y -8405mm Z 30271mm,X 111375mm Y -8405mm Z 30271mm,X 111915mm Y -8405mm Z 30271mm,ANG_100x100x13,=21945/2403048,   0.000  -1.000   0.000,SUPP,
 =21945/2403239,SCTN,X 111935mm Y -8405mm Z 30271mm,X 111935mm Y -8405mm Z 30271mm,X 112065mm Y -8405mm Z 30271mm,ANG_100x100x13,=21945/820078,   0.000  -1.000   0.000,SUPP,
 =21945/2403256,SCTN,X 110785mm Y -8623mm Z 30071mm,X 110785mm Y -8623mm Z 30071mm,X 111375mm Y -8623mm Z 30071mm,ANG_50x50x6,=21945/2403048,   0.000   0.000  -1.000,SUPP,
 =21945/2403257,SCTN,X 110785mm Y -8623mm Z 30071mm,X 110785mm Y -8623mm Z 30071mm,X 110785mm Y -8418mm Z 30071mm,ANG_50x50x6,=21945/2403048,   1.000   0.000   0.000,SUPP,
 =21945/2403258,SCTN,X 111375mm Y -8623mm Z 30071mm,X 111375mm Y -8623mm Z 30071mm,X 111375mm Y -8418mm Z 30071mm,ANG_50x50x6,=21945/2403048,   0.000   0.000  -1.000,SUPP,
 =21945/2431184,SCTN,X 113610mm Y -7192mm Z 30451mm,X 113610mm Y -7192mm Z 30451mm,X 113610mm Y -6760mm Z 30451mm,ANG_130x130x12,=21945/2203239,   0.000   0.000  -1.000,SUPP,
 =21945/2431196,SCTN,X 113610mm Y -4488mm Z 30451mm,X 113610mm Y -4488mm Z 30451mm,X 113610mm Y -4685mm Z 30451mm,ANG_130x130x12,=21945/2202946,  -1.000   0.000   0.000,SUPP,
 =21945/2431215,SCTN,X 113610mm Y -4705mm Z 30451mm,X 113610mm Y -4705mm Z 30451mm,X 113610mm Y -6740mm Z 30451mm,ANG_130x130x12,=21945/2431213,  -1.000   0.000   0.000,SUPP,
 =21945/2431234,SCTN,X 113610mm Y -5800mm Z 31264mm,X 113610mm Y -5800mm Z 31264mm,X 113610mm Y -6700mm Z 31264mm,ANG_130x130x12,=21945/2431213,  -1.000   0.000   0.000,SUPP,
 =21945/2431235,SCTN,X 113610mm Y -5800mm Z 31252mm,X 113610mm Y -5800mm Z 31252mm,X 113610mm Y -5800mm Z 30451mm,ANG_130x130x12,=21945/2431213,   0.000  -1.000   0.000,SUPP,
 =21945/2431236,SCTN,X 113610mm Y -6700mm Z 31252mm,X 113610mm Y -6700mm Z 31252mm,X 113610mm Y -6700mm Z 30451mm,ANG_130x130x12,=21945/2431213,  -1.000   0.000   0.000,SUPP,
 =21945/2431270,SCTN,X 114863mm Y -7192mm Z 30451mm,X 114863mm Y -7192mm Z 30451mm,X 114863mm Y -6760mm Z 30451mm,ANG_130x130x12,=21945/2203239,   0.000   0.000  -1.000,SUPP,
 =21945/2431302,SCTN,X 114863mm Y -4705mm Z 30451mm,X 114863mm Y -4705mm Z 30451mm,X 114863mm Y -6740mm Z 30451mm,ANG_130x130x12,=21945/2431295,  -1.000   0.000   0.000,SUPP,
 =21945/2431305,SCTN,X 114863mm Y -4488mm Z 30451mm,X 114863mm Y -4488mm Z 30451mm,X 114863mm Y -4685mm Z 30451mm,ANG_130x130x12,=21945/2202946,  -1.000   0.000   0.000,SUPP,
 =21945/2431318,SCTN,X 112065mm Y -4705mm Z 30451mm,X 112065mm Y -4705mm Z 30451mm,X 112065mm Y -6740mm Z 30451mm,ANG_130x130x12,=21945/2431316,   0.000   0.000  -1.000,SUPP,
 =21945/2431321,SCTN,X 112065mm Y -4488mm Z 30451mm,X 112065mm Y -4488mm Z 30451mm,X 112065mm Y -4685mm Z 30451mm,ANG_130x130x12,=21945/2202946,   0.000   0.000  -1.000,SUPP,
 =21945/2431334,SCTN,X 112065mm Y -7192mm Z 30451mm,X 112065mm Y -7192mm Z 30451mm,X 112065mm Y -6760mm Z 30451mm,ANG_130x130x12,=21945/2203239,   1.000   0.000   0.000,SUPP,
 =21945/2431361,SCTN,X 115980mm Y -7192mm Z 30451mm,X 115980mm Y -7192mm Z 30451mm,X 115980mm Y -6790mm Z 30451mm,ANG_130x130x12,=21945/2203239,   0.000   0.000  -1.000,SUPP,
 =21945/2431379,SCTN,X 110485mm Y -7192mm Z 30451mm,X 110485mm Y -7192mm Z 30451mm,X 110485mm Y -6790mm Z 30451mm,ANG_130x130x12,=21945/2203239,   0.000   0.000  -1.000,SUPP,
 =21945/2431567,SCTN,X 114032mm Y -1455mm Z 31007mm,X 114032mm Y -1455mm Z 31007mm,X 114798mm Y -1455mm Z 31007mm,ANG_90x90x10,=21945/2202406,   0.000   0.000   1.000,SUPP,
 =21945/2431570,SCTN,X 114136mm Y -1455mm Z 30997mm,X 114136mm Y -1455mm Z 30997mm,X 114136mm Y -1455mm Z 30451mm,ANG_90x90x10,=21945/2202406,   0.000  -1.000   0.000,SUPP,
 =21945/2431571,SCTN,X 114694mm Y -1455mm Z 30997mm,X 114694mm Y -1455mm Z 30997mm,X 114694mm Y -1455mm Z 30451mm,ANG_90x90x10,=21945/2202406,   1.000   0.000   0.000,SUPP,
 =21945/2431613,SCTN,X 115182mm Y -1455mm Z 31007mm,X 115182mm Y -1455mm Z 31007mm,X 115948mm Y -1455mm Z 31007mm,ANG_90x90x10,=21945/2202406,   0.000   0.000   1.000,SUPP,
 =21945/2431616,SCTN,X 115286mm Y -1455mm Z 30997mm,X 115286mm Y -1455mm Z 30997mm,X 115286mm Y -1455mm Z 30451mm,ANG_90x90x10,=21945/2202406,   0.000  -1.000   0.000,SUPP,
 =21945/2431617,SCTN,X 115844mm Y -1455mm Z 30997mm,X 115844mm Y -1455mm Z 30997mm,X 115844mm Y -1455mm Z 30451mm,ANG_90x90x10,=21945/2202406,   1.000   0.000   0.000,SUPP,
 =21945/2431673,SCTN,X 110720mm Y -1504mm Z 30451mm,X 110720mm Y -1504mm Z 30451mm,X 110720mm Y -1700mm Z 30451mm,ANG_75x75x6,=21945/2202406,   0.000   0.000  -1.000,SUPP,
 =21945/2431683,SCTN,X 111360mm Y -1504mm Z 30451mm,X 111360mm Y -1504mm Z 30451mm,X 111360mm Y -1700mm Z 30451mm,ANG_75x75x6,=21945/2202406,  -1.000   0.000   0.000,SUPP,
 =21945/2431693,SCTN,X 111360mm Y -4482mm Z 30451mm,X 111360mm Y -4482mm Z 30451mm,X 111360mm Y -4285mm Z 30451mm,ANG_75x75x6,=21945/2202946,   0.000   0.000  -1.000,SUPP,
 =21945/2431703,SCTN,X 110720mm Y -4482mm Z 30451mm,X 110720mm Y -4482mm Z 30451mm,X 110720mm Y -4285mm Z 30451mm,ANG_75x75x6,=21945/2202946,   1.000   0.000   0.000,SUPP,
 =21945/2431715,SCTN,X 110726mm Y -2955mm Z 30451mm,X 110726mm Y -2955mm Z 30451mm,X 111354mm Y -2955mm Z 30451mm,ANG_75x75x6,=21945/2431713,   0.000  -1.000   0.000,SUPP,
 =21945/2431718,SCTN,X 110720mm Y -1720mm Z 30451mm,X 110720mm Y -1720mm Z 30451mm,X 110720mm Y -4265mm Z 30451mm,ANG_75x75x6,=21945/2431713,   0.000   0.000  -1.000,SUPP,
 =21945/2431723,SCTN,X 111360mm Y -1720mm Z 30451mm,X 111360mm Y -1720mm Z 30451mm,X 111360mm Y -4265mm Z 30451mm,ANG_75x75x6,=21945/2431713,  -1.000   0.000   0.000,SUPP,
 =21945/2431730,SCTN,X 110720mm Y -2805mm Z 30713mm,X 110720mm Y -2805mm Z 30713mm,X 111360mm Y -2805mm Z 30713mm,ANG_75x75x6,=21945/2431728,   0.000  -1.000   0.000,SUPP,
 =21945/2431731,SCTN,X 111360mm Y -2805mm Z 30461mm,X 111360mm Y -2805mm Z 30461mm,X 111360mm Y -2805mm Z 30713mm,ANG_75x75x6,=21945/2431728,  -1.000   0.000   0.000,SUPP,
 =21945/2431732,SCTN,X 110720mm Y -2805mm Z 30461mm,X 110720mm Y -2805mm Z 30461mm,X 110720mm Y -2805mm Z 30713mm,ANG_75x75x6,=21945/2431728,   0.000  -1.000   0.000,SUPP,
 =21945/2431753,SCTN,X 111360mm Y -1496mm Z 30451mm,X 111360mm Y -1496mm Z 30451mm,X 111360mm Y -1300mm Z 30451mm,ANG_75x75x6,=21945/2202406,   0.000   0.000  -1.000,SUPP,
 =21945/2431763,SCTN,X 110720mm Y -1496mm Z 30451mm,X 110720mm Y -1496mm Z 30451mm,X 110720mm Y -1300mm Z 30451mm,ANG_75x75x6,=21945/2202406,   1.000   0.000   0.000,SUPP,
 =21945/2433265,SCTN,X 110720mm Y -1125mm Z 30713mm,X 110720mm Y -1125mm Z 30713mm,X 111360mm Y -1125mm Z 30713mm,ANG_75x75x6,=21945/2433263,   0.000  -1.000   0.000,SUPP,
 =21945/2433266,SCTN,X 111360mm Y -1125mm Z 30461mm,X 111360mm Y -1125mm Z 30461mm,X 111360mm Y -1125mm Z 30713mm,ANG_75x75x6,=21945/2433263,  -1.000   0.000   0.000,SUPP,
 =21945/2433267,SCTN,X 110720mm Y -1125mm Z 30461mm,X 110720mm Y -1125mm Z 30461mm,X 110720mm Y -1125mm Z 30713mm,ANG_75x75x6,=21945/2433263,   0.000  -1.000   0.000,SUPP,
 =21945/2436277,SCTN,X 110535mm Y -10215mm Z 30032mm,X 110535mm Y -10215mm Z 30032mm,X 110685mm Y -10215mm Z 30032mm,ANG_50x50x6,=21945/2402091,   0.000  -1.000   0.000,SUPP,
 =21945/2436279,SCTN,X 110685mm Y -10215mm Z 30032mm,X 110685mm Y -10215mm Z 30032mm,X 110685mm Y -10215mm Z 29727mm,ANG_50x50x6,=21945/2402091,   0.000  -1.000   0.000,SUPP,
 =21945/2436307,SCTN,X 110380mm Y -10215mm Z 29873mm,X 110380mm Y -10215mm Z 29873mm,X 110380mm Y -10215mm Z 29727mm,ANG_50x50x6,=21945/2402091,   1.000   0.000   0.000,SUPP,
 =21945/2441501,SCTN,X 116500mm Y -8630mm Z 30439mm,X 116500mm Y -8630mm Z 30439mm,X 116500mm Y -8630mm Z 29772mm,ANG_130x130x12,=30137/314222,   0.000  -1.000   0.000,SUPP,
 =21945/2463145,SCTN,X 118950mm Y -8642mm Z 30451mm,X 118950mm Y -8642mm Z 30451mm,X 118950mm Y -9665mm Z 30451mm,ANG_130x130x12,=21945/2401988,  -1.000   0.000   0.000,SUPP,
 =21945/2563233,SCTN,X 110840mm Y -7195mm Z 29822mm,X 110840mm Y -7195mm Z 29822mm,X 110840mm Y -7195mm Z 29683mm,TUBE_165.2x4.9,=21945/2203239,  -1.000   0.000   0.000,SUPP,
 =21945/2563234,SCTN,X 113190mm Y -7195mm Z 29822mm,X 113190mm Y -7195mm Z 29822mm,X 113190mm Y -7195mm Z 29683mm,TUBE_165.2x4.9,=21945/2203239,  -1.000   0.000   0.000,SUPP,
 =21945/2563235,SCTN,X 115500mm Y -7195mm Z 29822mm,X 115500mm Y -7195mm Z 29822mm,X 115500mm Y -7195mm Z 29683mm,TUBE_165.2x4.9,=21945/2203239,  -1.000   0.000   0.000,SUPP,
 =21945/2563236,SCTN,X 110840mm Y -4485mm Z 29897mm,X 110840mm Y -4485mm Z 29897mm,X 110840mm Y -4485mm Z 29683mm,TUBE_165.2x4.9,=21945/2202946,  -1.000   0.000   0.000,SUPP,
 =21945/2563237,SCTN,X 113190mm Y -4485mm Z 29897mm,X 113190mm Y -4485mm Z 29897mm,X 113190mm Y -4485mm Z 29683mm,TUBE_165.2x4.9,=21945/2202946,  -1.000   0.000   0.000,SUPP,
 =21945/2563238,SCTN,X 115500mm Y -4485mm Z 29897mm,X 115500mm Y -4485mm Z 29897mm,X 115500mm Y -4485mm Z 29683mm,TUBE_165.2x4.9,=21945/2202946,  -1.000   0.000   0.000,SUPP,
 =21945/2563239,SCTN,X 110840mm Y -1500mm Z 29980mm,X 110840mm Y -1500mm Z 29980mm,X 110840mm Y -1500mm Z 29683mm,TUBE_165.2x4.9,=21945/2202406,  -1.000   0.000   0.000,SUPP,
 =21945/2563240,SCTN,X 113190mm Y -1500mm Z 29980mm,X 113190mm Y -1500mm Z 29980mm,X 113190mm Y -1500mm Z 29683mm,TUBE_165.2x4.9,=21945/2202406,  -1.000   0.000   0.000,SUPP,
 =21945/2563241,SCTN,X 115500mm Y -1500mm Z 29980mm,X 115500mm Y -1500mm Z 29980mm,X 115500mm Y -1500mm Z 29683mm,TUBE_165.2x4.9,=21945/2202406,  -1.000   0.000   0.000,SUPP,
 =21945/2563244,SCTN,X 120320mm Y -9665mm Z 30101mm,X 120320mm Y -9665mm Z 30101mm,X 118900mm Y -9665mm Z 30101mm,ANG_100x100x13,=21945/2563242,   0.000   1.000   0.000,SUPP,
 =21945/2563259,SCTN,X 117990mm Y -9665mm Z 30101mm,X 117990mm Y -9665mm Z 30101mm,X 113560mm Y -9665mm Z 30101mm,ANG_100x100x13,=21945/2563257,   0.000   1.000   0.000,SUPP,
 =21945/2563262,SCTN,X 112115mm Y -9665mm Z 30108mm,X 112115mm Y -9665mm Z 30108mm,X 108985mm Y -9665mm Z 30108mm,ANG_100x100x13,=21945/2563260,   0.000   0.000   1.000,SUPP,
 =21945/2563263,SCTN,X 115300mm Y -10065mm Z 30101mm,X 115300mm Y -10065mm Z 30101mm,X 115300mm Y -9340mm Z 30101mm,ANG_100x100x13,=21945/2563257,   0.000   0.000   1.000,SUPP,
 =21945/2563266,SCTN,X 120960mm Y -8630mm Z 30101mm,X 120960mm Y -8630mm Z 30101mm,X 116450mm Y -8630mm Z 30101mm,ANG_100x100x13,=21945/2563264,   0.000   1.000   0.000,SUPP,
 =21945/2563267,SCTN,X 116500mm Y -9635mm Z 30101mm,X 116500mm Y -9635mm Z 30101mm,X 116500mm Y -9170mm Z 30101mm,ANG_100x100x13,=21945/2563257,   0.000   0.000   1.000,SUPP,
 =21945/2563269,SCTN,X 120960mm Y -8530mm Z 30101mm,X 120960mm Y -8530mm Z 30101mm,X 120960mm Y -9715mm Z 30101mm,ANG_100x100x13,=21945/2563264,   0.000   0.000  -1.000,SUPP,
 =21945/2563271,SCTN,X 110285mm Y -9652mm Z 30108mm,X 110285mm Y -9652mm Z 30108mm,X 110285mm Y -8405mm Z 30108mm,ANG_100x100x13,=21945/2563260,   0.000   0.000   1.000,SUPP,
 =21945/2563272,SCTN,X 110285mm Y -8405mm Z 30108mm,X 110285mm Y -8405mm Z 30108mm,X 110785mm Y -8405mm Z 30108mm,ANG_100x100x13,=21945/2563260,   0.000   0.000   1.000,SUPP,
 =21945/2563273,SCTN,X 110785mm Y -7395mm Z 30201mm,X 110785mm Y -7395mm Z 30201mm,X 110785mm Y -7195mm Z 30201mm,ANG_100x100x13,=21945/2203239,   1.000   0.000   0.000,SUPP,
 =21945/2563274,SCTN,X 110785mm Y -7415mm Z 30201mm,X 110785mm Y -7415mm Z 30201mm,X 110785mm Y -8405mm Z 30201mm,ANG_100x100x13,=21945/2403048,   0.000   0.000  -1.000,SUPP,
 =21945/2585943,SCTN,X 120271mm Y -9685mm Z 30870mm,X 120271mm Y -9685mm Z 30870mm,X 120959mm Y -9685mm Z 30870mm,ANG_90x90x10,=30137/314274,   0.000   0.000   1.000,SUPP,
 =21945/2585946,SCTN,X 120375mm Y -9685mm Z 30860mm,X 120375mm Y -9685mm Z 30860mm,X 120375mm Y -9685mm Z 30451mm,ANG_90x90x10,=30137/314274,   0.000  -1.000   0.000,SUPP,
 =21945/2585947,SCTN,X 120855mm Y -9685mm Z 30860mm,X 120855mm Y -9685mm Z 30860mm,X 120855mm Y -9685mm Z 30451mm,ANG_90x90x10,=30137/314274,   1.000   0.000   0.000,SUPP,
 =21945/2585985,SCTN,X 112121mm Y -9685mm Z 30870mm,X 112121mm Y -9685mm Z 30870mm,X 112809mm Y -9685mm Z 30870mm,ANG_90x90x10,=30137/314172,   0.000   0.000   1.000,SUPP,
 =21945/2585988,SCTN,X 112225mm Y -9685mm Z 30860mm,X 112225mm Y -9685mm Z 30860mm,X 112225mm Y -9685mm Z 30451mm,ANG_90x90x10,=30137/314172,   0.000  -1.000   0.000,SUPP,
 =21945/2585989,SCTN,X 112705mm Y -9685mm Z 30860mm,X 112705mm Y -9685mm Z 30860mm,X 112705mm Y -9685mm Z 30451mm,ANG_90x90x10,=30137/314172,   1.000   0.000   0.000,SUPP,
 =21945/2586071,SCTN,X 112846mm Y -9685mm Z 30870mm,X 112846mm Y -9685mm Z 30870mm,X 113534mm Y -9685mm Z 30870mm,ANG_90x90x10,=30137/314172,   0.000   0.000   1.000,SUPP,
 =21945/2586074,SCTN,X 112950mm Y -9685mm Z 30860mm,X 112950mm Y -9685mm Z 30860mm,X 112950mm Y -9685mm Z 30451mm,ANG_90x90x10,=30137/314172,   0.000  -1.000   0.000,SUPP,
 =21945/2586075,SCTN,X 113430mm Y -9685mm Z 30860mm,X 113430mm Y -9685mm Z 30860mm,X 113430mm Y -9685mm Z 30451mm,ANG_90x90x10,=30137/314172,   1.000   0.000   0.000,SUPP,
 =21945/2587453,SCTN,X 117954mm Y -9685mm Z 31007mm,X 117954mm Y -9685mm Z 31007mm,X 118776mm Y -9685mm Z 31007mm,ANG_90x90x10,=21945/2401988,   0.000   0.000   1.000,SUPP,
 =21945/2587456,SCTN,X 118058mm Y -9685mm Z 30997mm,X 118058mm Y -9685mm Z 30997mm,X 118058mm Y -9685mm Z 30451mm,ANG_90x90x10,=21945/2401988,   0.000  -1.000   0.000,SUPP,
 =21945/2587457,SCTN,X 118672mm Y -9685mm Z 30997mm,X 118672mm Y -9685mm Z 30997mm,X 118672mm Y -9685mm Z 30451mm,ANG_90x90x10,=21945/2401988,   1.000   0.000   0.000,SUPP,
 =21945/2587490,SCTN,X 115235mm Y -9304mm Z 31069mm,X 115235mm Y -9304mm Z 31069mm,X 115235mm Y -10229mm Z 31069mm,BEAM_125x125x6.5x9,=30137/314185,   1.000   0.000   0.000,SUPP,
 =21945/2587493,SCTN,X 115235mm Y -9397mm Z 30992mm,X 115235mm Y -9397mm Z 30992mm,X 115235mm Y -9397mm Z 30451mm,BEAM_125x125x6.5x9,=30137/314185,  -1.000   0.000   0.000,SUPP,
 =21945/2587494,SCTN,X 115235mm Y -10137mm Z 30992mm,X 115235mm Y -10137mm Z 30992mm,X 115235mm Y -10137mm Z 30451mm,BEAM_125x125x6.5x9,=30137/314185,   1.000   0.000   0.000,SUPP,
 =21945/2587539,SCTN,X 108912mm Y -9665mm Z 31007mm,X 108912mm Y -9665mm Z 31007mm,X 109818mm Y -9665mm Z 31007mm,ANG_130x130x12,=30137/314158,   0.000   0.000   1.000,SUPP,
 =21945/2587542,SCTN,X 109058mm Y -9665mm Z 30992mm,X 109058mm Y -9665mm Z 30992mm,X 109058mm Y -9665mm Z 30451mm,ANG_130x130x12,=30137/314158,   0.000  -1.000   0.000,SUPP,
 =21945/2587543,SCTN,X 109672mm Y -9665mm Z 30992mm,X 109672mm Y -9665mm Z 30992mm,X 109672mm Y -9665mm Z 30451mm,ANG_130x130x12,=30137/314158,   1.000   0.000   0.000,SUPP,
 =21945/2587581,SCTN,X 113610mm Y -5798mm Z 31820mm,X 113610mm Y -5798mm Z 31820mm,X 113610mm Y -6702mm Z 31820mm,ANG_130x130x12,=21945/2431213,   0.000   0.000   1.000,SUPP,
 =21945/2587584,SCTN,X 113610mm Y -5942mm Z 31805mm,X 113610mm Y -5942mm Z 31805mm,X 113610mm Y -5942mm Z 31264mm,ANG_130x130x12,=21945/2431213,  -1.000   0.000   0.000,SUPP,
 =21945/2587585,SCTN,X 113610mm Y -6558mm Z 31805mm,X 113610mm Y -6558mm Z 31805mm,X 113610mm Y -6558mm Z 31264mm,ANG_130x130x12,=21945/2431213,   0.000  -1.000   0.000,SUPP,
 =21945/2587623,SCTN,X 115182mm Y -4440mm Z 31007mm,X 115182mm Y -4440mm Z 31007mm,X 115948mm Y -4440mm Z 31007mm,ANG_90x90x10,=21945/2202946,   0.000   0.000   1.000,SUPP,
 =21945/2587626,SCTN,X 115286mm Y -4440mm Z 30997mm,X 115286mm Y -4440mm Z 30997mm,X 115286mm Y -4440mm Z 30451mm,ANG_90x90x10,=21945/2202946,   0.000  -1.000   0.000,SUPP,
 =21945/2587627,SCTN,X 115844mm Y -4440mm Z 30997mm,X 115844mm Y -4440mm Z 30997mm,X 115844mm Y -4440mm Z 30451mm,ANG_90x90x10,=21945/2202946,   1.000   0.000   0.000,SUPP,
 =21945/2587669,SCTN,X 114032mm Y -4440mm Z 31007mm,X 114032mm Y -4440mm Z 31007mm,X 114798mm Y -4440mm Z 31007mm,ANG_90x90x10,=21945/2202946,   0.000   0.000   1.000,SUPP,
 =21945/2587672,SCTN,X 114136mm Y -4440mm Z 30997mm,X 114136mm Y -4440mm Z 30997mm,X 114136mm Y -4440mm Z 30451mm,ANG_90x90x10,=21945/2202946,   0.000  -1.000   0.000,SUPP,
 =21945/2587673,SCTN,X 114694mm Y -4440mm Z 30997mm,X 114694mm Y -4440mm Z 30997mm,X 114694mm Y -4440mm Z 30451mm,ANG_90x90x10,=21945/2202946,   1.000   0.000   0.000,SUPP,
 =21945/2587715,SCTN,X 111332mm Y -4440mm Z 31007mm,X 111332mm Y -4440mm Z 31007mm,X 112098mm Y -4440mm Z 31007mm,ANG_90x90x10,=21945/2202946,   0.000   0.000   1.000,SUPP,
 =21945/2587718,SCTN,X 111436mm Y -4440mm Z 30997mm,X 111436mm Y -4440mm Z 30997mm,X 111436mm Y -4440mm Z 30451mm,ANG_90x90x10,=21945/2202946,   0.000  -1.000   0.000,SUPP,
 =21945/2587719,SCTN,X 111994mm Y -4440mm Z 30997mm,X 111994mm Y -4440mm Z 30997mm,X 111994mm Y -4440mm Z 30451mm,ANG_90x90x10,=21945/2202946,   1.000   0.000   0.000,SUPP,
 =21945/2587761,SCTN,X 111332mm Y -1455mm Z 31007mm,X 111332mm Y -1455mm Z 31007mm,X 112098mm Y -1455mm Z 31007mm,ANG_90x90x10,=21945/2202406,   0.000   0.000   1.000,SUPP,
 =21945/2587764,SCTN,X 111436mm Y -1455mm Z 30997mm,X 111436mm Y -1455mm Z 30997mm,X 111436mm Y -1455mm Z 30451mm,ANG_90x90x10,=21945/2202406,   0.000  -1.000   0.000,SUPP,
 =21945/2587765,SCTN,X 111994mm Y -1455mm Z 30997mm,X 111994mm Y -1455mm Z 30997mm,X 111994mm Y -1455mm Z 30451mm,ANG_90x90x10,=21945/2202406,   1.000   0.000   0.000,SUPP,
 =21945/2687417,SCTN,X 120270mm Y -9665mm Z 29743mm,X 120270mm Y -9665mm Z 29743mm,X 120270mm Y -9665mm Z 29683mm,ANG_130x130x12,=30137/314274,   1.000   0.000   0.000,SUPP,
 =21945/2687560,SCTN,X 115060mm Y -8495mm Z 31160mm,X 115060mm Y -8495mm Z 31160mm,X 115060mm Y -9350mm Z 31160mm,ANG_75x75x6,=21945/2687551,  -1.000   0.000   0.000,SUPP,
 =21945/2687562,SCTN,X 115060mm Y -8815mm Z 31160mm,X 115060mm Y -8815mm Z 31160mm,X 115060mm Y -8505mm Z 31160mm,ANG_65x65x6,=21945/2687551,   1.000   0.000   0.000,SUPP,
 =22045/245002,SCTN,X 115915mm Y -7425mm Z 30461mm,X 115915mm Y -7425mm Z 30461mm,X 115915mm Y -7425mm Z 31141mm,TUBE_89.1x5.5,=22045/244916,  -1.000   0.000   0.000,OUTF,
 =22045/245003,SCTN,X 115915mm Y -6875mm Z 30461mm,X 115915mm Y -6875mm Z 30461mm,X 115915mm Y -6875mm Z 31141mm,TUBE_89.1x5.5,=22045/244916,  -1.000   0.000   0.000,OUTF,
 =22045/245004,SCTN,X 110420mm Y -7425mm Z 30461mm,X 110420mm Y -7425mm Z 30461mm,X 110420mm Y -7425mm Z 31141mm,TUBE_89.1x5.5,=22045/244916,  -1.000   0.000   0.000,OUTF,
 =22045/245005,SCTN,X 110420mm Y -6875mm Z 30461mm,X 110420mm Y -6875mm Z 30461mm,X 110420mm Y -6875mm Z 31141mm,TUBE_89.1x5.5,=22045/244916,  -1.000   0.000   0.000,OUTF,
 =22045/245016,SCTN,X 111305mm Y -6495mm Z 31160mm,X 111305mm Y -6495mm Z 31160mm,X 111305mm Y -7460mm Z 31160mm,ANG_75x75x9,=22045/244916,   0.000   0.000  -1.000,OUTF,
 =22045/245017,SCTN,X 110315mm Y -6830mm Z 31151mm,X 110315mm Y -6830mm Z 31151mm,X 116010mm Y -6830mm Z 31151mm,ANG_75x75x9,=22045/244916,   0.000   0.000   1.000,OUTF,
 =22045/245022,SCTN,X 110315mm Y -7550mm Z 31160mm,X 110315mm Y -7550mm Z 31160mm,X 110315mm Y -6750mm Z 31160mm,ANG_75x75x9,=22045/244916,   1.000   0.000   0.000,OUTF,
 =22045/245023,SCTN,X 116010mm Y -7470mm Z 31151mm,X 116010mm Y -7470mm Z 31151mm,X 110315mm Y -7470mm Z 31151mm,ANG_75x75x9,=22045/244916,   0.000   0.000   1.000,OUTF,
 =22045/438366,SCTN,X 112130mm Y -7425mm Z 30461mm,X 112130mm Y -7425mm Z 30461mm,X 112130mm Y -7425mm Z 31141mm,TUBE_89.1x5.5,=22045/244916,  -1.000   0.000   0.000,OUTF,
 =22045/438478,SCTN,X 113545mm Y -7425mm Z 30461mm,X 113545mm Y -7425mm Z 30461mm,X 113545mm Y -7425mm Z 31141mm,TUBE_89.1x5.5,=22045/244916,  -1.000   0.000   0.000,OUTF,
 =22045/438485,SCTN,X 114798mm Y -7425mm Z 30461mm,X 114798mm Y -7425mm Z 30461mm,X 114798mm Y -7425mm Z 31141mm,TUBE_89.1x5.5,=22045/244916,  -1.000   0.000   0.000,OUTF,
 =22045/440275,SCTN,X 114797mm Y -6875mm Z 30461mm,X 114797mm Y -6875mm Z 30461mm,X 114797mm Y -6875mm Z 31141mm,TUBE_89.1x5.5,=22045/244916,  -1.000   0.000   0.000,OUTF,
 =22045/441160,SCTN,X 112310mm Y -6750mm Z 31160mm,X 112310mm Y -6750mm Z 31160mm,X 112310mm Y -7805mm Z 31160mm,ANG_75x75x9,=22045/244916,  -1.000   0.000   0.000,OUTF,
 =22045/441165,SCTN,X 113040mm Y -6750mm Z 31160mm,X 113040mm Y -6750mm Z 31160mm,X 113040mm Y -7550mm Z 31160mm,ANG_75x75x9,=22045/244916,  -1.000   0.000   0.000,OUTF,
 =22045/441166,SCTN,X 113870mm Y -6750mm Z 31160mm,X 113870mm Y -6750mm Z 31160mm,X 113870mm Y -7805mm Z 31160mm,ANG_75x75x9,=22045/244916,  -1.000   0.000   0.000,OUTF,
 =22045/441167,SCTN,X 114885mm Y -6750mm Z 31160mm,X 114885mm Y -6750mm Z 31160mm,X 114885mm Y -7550mm Z 31160mm,ANG_75x75x9,=22045/244916,  -1.000   0.000   0.000,OUTF,
 =22045/720727,SCTN,X 116010mm Y -6750mm Z 31160mm,X 116010mm Y -6750mm Z 31160mm,X 116010mm Y -7550mm Z 31160mm,ANG_75x75x9,=22045/244916,  -1.000   0.000   0.000,OUTF,
 =22045/852142,SCTN,X 112130mm Y -6875mm Z 31141mm,X 112130mm Y -6875mm Z 31141mm,X 112130mm Y -6875mm Z 30461mm,TUBE_89.1x5.5,=22045/244916,  -1.000   0.000   0.000,OUTF,
 =22045/852150,SCTN,X 113545mm Y -6875mm Z 31141mm,X 113545mm Y -6875mm Z 31141mm,X 113545mm Y -6875mm Z 30461mm,TUBE_89.1x5.5,=22045/244916,  -1.000   0.000   0.000,OUTF,
 =22045/1237190,SCTN,X 111125mm Y -7470mm Z 31036mm,X 111125mm Y -7470mm Z 31036mm,X 111125mm Y -7470mm Z 31151mm,ANG_75x75x9,=22045/1237188,   0.000   1.000   0.000,OUTF,
 =22045/1237195_0,GENSEC,X 111102mm Y -7503mm Z 31051mm,X 111102mm Y -7503mm Z 31051mm,X 111102mm Y -7503mm Z 32185mm,FBAR_65x16,=22045/1237188,  -1.000   0.000   0.000,,
 =22045/1237206_0,GENSEC,X 113847mm Y -7503mm Z 31160mm,X 113847mm Y -7503mm Z 31160mm,X 113847mm Y -7503mm Z 32185mm,FBAR_65x16,=22045/1237188,  -1.000   0.000   0.000,,
 =22045/1237221_0,GENSEC,X 114863mm Y -7503mm Z 31160mm,X 114863mm Y -7503mm Z 31160mm,X 114863mm Y -7503mm Z 32185mm,FBAR_65x16,=22045/1237188,  -1.000   0.000   0.000,,
 =22045/1237237_0,GENSEC,X 114863mm Y -6798mm Z 31160mm,X 114863mm Y -6798mm Z 31160mm,X 114863mm Y -6798mm Z 32185mm,FBAR_65x16,=22045/1237188,  -1.000   0.000   0.000,,
 =22045/1237258_0,GENSEC,X 112287mm Y -7503mm Z 31160mm,X 112287mm Y -7503mm Z 31160mm,X 112287mm Y -7503mm Z 32185mm,FBAR_65x16,=22045/1237188,  -1.000   0.000   0.000,,
 =22045/1237279_0,GENSEC,X 113847mm Y -6798mm Z 31160mm,X 113847mm Y -6798mm Z 31160mm,X 113847mm Y -6798mm Z 32185mm,FBAR_65x16,=22045/1237188,   1.000   0.000   0.000,,
 =22045/1237292_0,GENSEC,X 112287mm Y -6798mm Z 31160mm,X 112287mm Y -6798mm Z 31160mm,X 112287mm Y -6798mm Z 32185mm,FBAR_65x16,=22045/1237188,   1.000   0.000   0.000,,
 =22045/1237299_0,GENSEC,X 111348mm Y -6798mm Z 31160mm,X 111348mm Y -6798mm Z 31160mm,X 111348mm Y -6798mm Z 32185mm,FBAR_65x16,=22045/1237188,   1.000   0.000   0.000,,
 =22045/1237315_0,GENSEC,X 115987mm Y -7503mm Z 31160mm,X 115987mm Y -7503mm Z 31160mm,X 115987mm Y -7503mm Z 32185mm,FBAR_65x16,=22045/1237188,   1.000   0.000   0.000,,
 =22045/1237330_0,GENSEC,X 110338mm Y -7503mm Z 31160mm,X 110338mm Y -7503mm Z 31160mm,X 110338mm Y -7503mm Z 32185mm,FBAR_65x16,=22045/1237188,   1.000   0.000   0.000,,
 =22045/1237345_0,GENSEC,X 110338mm Y -6798mm Z 31160mm,X 110338mm Y -6798mm Z 31160mm,X 110338mm Y -6798mm Z 32185mm,FBAR_65x16,=22045/1237188,  -1.000   0.000   0.000,,
 =22045/1237360_0,GENSEC,X 115987mm Y -6798mm Z 31160mm,X 115987mm Y -6798mm Z 31160mm,X 115987mm Y -6798mm Z 32185mm,FBAR_65x16,=22045/1237188,  -1.000   0.000   0.000,,
 =22045/1237440_0,GENSEC,X 114861mm Y -6798mm Z 32185mm,X 114861mm Y -6798mm Z 32185mm,X 115979mm Y -6798mm Z 32185mm,TUBE_34x3.25,=22045/1237188,   0.000   0.000  -1.000,,
 =22045/1237444_0,GENSEC,X 110346mm Y -6798mm Z 32185mm,X 110346mm Y -6798mm Z 32185mm,X 113839mm Y -6798mm Z 32185mm,TUBE_34x3.25,=22045/1237188,   0.000   0.000  -1.000,,
 =22045/1237448_0,GENSEC,X 110346mm Y -7503mm Z 32185mm,X 110346mm Y -7503mm Z 32185mm,X 115979mm Y -7503mm Z 32185mm,TUBE_34x3.25,=22045/1237188,   0.000   0.000  -1.000,,
 =22045/1237456_0,GENSEC,X 110346mm Y -7503mm Z 31685mm,X 110346mm Y -7503mm Z 31685mm,X 111094mm Y -7503mm Z 31685mm,RBAR_16,=22045/1237188,   0.000   0.000  -1.000,,
 =22045/1237460_0,GENSEC,X 112295mm Y -7503mm Z 31685mm,X 112295mm Y -7503mm Z 31685mm,X 113859mm Y -7503mm Z 31685mm,RBAR_16,=22045/1237188,   0.000   0.000  -1.000,,
 =22045/1237464_0,GENSEC,X 110346mm Y -6798mm Z 31685mm,X 110346mm Y -6798mm Z 31685mm,X 115979mm Y -6798mm Z 31685mm,RBAR_16,=22045/1237188,   0.000   0.000  -1.000,,
 =22045/1300733_0,GENSEC,X 113017mm Y -7503mm Z 31160mm,X 113017mm Y -7503mm Z 31160mm,X 113017mm Y -7503mm Z 32185mm,FBAR_65x16,=22045/1237188,  -1.000   0.000   0.000,,
 =22045/1300742_0,GENSEC,X 113017mm Y -6798mm Z 31160mm,X 113017mm Y -6798mm Z 31160mm,X 113017mm Y -6798mm Z 32185mm,FBAR_65x16,=22045/1237188,   1.000   0.000   0.000,,
 =22045/1302193,SCTN,X 110134mm Y -7450mm Z 30962mm,X 110134mm Y -7450mm Z 30962mm,X 109464mm Y -7450mm Z 30006mm,ANG_50x50x6,=22045/1302191,   0.000  -1.000   0.000,OUTF,
 =22045/1302194,SCTN,X 110134mm Y -6850mm Z 30962mm,X 110134mm Y -6850mm Z 30962mm,X 109464mm Y -6850mm Z 30006mm,ANG_50x50x6,=22045/1302191,  -0.819   0.000   0.574,OUTF,
 =22045/1302195,SCTN,X 110130mm Y -7450mm Z 31235mm,X 110130mm Y -7450mm Z 31235mm,X 109248mm Y -7450mm Z 29976mm,ANG_50x50x6,=22045/1302191,   0.819   0.000  -0.574,OUTF,
 =22045/1302196,SCTN,X 110130mm Y -6850mm Z 31235mm,X 110130mm Y -6850mm Z 31235mm,X 109248mm Y -6850mm Z 29976mm,ANG_50x50x6,=22045/1302191,   0.000   1.000   0.000,OUTF,
 =22045/1302214,SCTN,X 110119mm Y -7463mm Z 31120mm,X 110119mm Y -7463mm Z 31120mm,X 110315mm Y -7463mm Z 31120mm,BULB_70x10,=22045/1302191,   0.000  -1.000   0.000,OUTF,
 =22045/1302230,SCTN,X 110119mm Y -6837mm Z 31120mm,X 110119mm Y -6837mm Z 31120mm,X 110315mm Y -6837mm Z 31120mm,BULB_70x10,=22045/1302191,   0.000  -1.000   0.000,OUTF,
 =22045/1302263,SCTN,X 109313mm Y -7463mm Z 29804mm,X 109313mm Y -7463mm Z 29804mm,X 109313mm Y -7463mm Z 29963mm,BULB_70x10,=22045/1302191,   0.000   1.000   0.000,OUTF,
 =22045/1302279,SCTN,X 109313mm Y -6837mm Z 29822mm,X 109313mm Y -6837mm Z 29822mm,X 109313mm Y -6837mm Z 29963mm,BULB_70x10,=22045/1302191,   0.000   1.000   0.000,OUTF,
 =22045/1302376_0,GENSEC,X 109298mm Y -7475mm Z 30048mm,X 109298mm Y -7475mm Z 30048mm,X 109298mm Y -7475mm Z 31041mm,TUBE_34x3.25,=22045/1302191,   1.000   0.000   0.000,,
 =22045/1302376_1,GENSEC,X 109298mm Y -7475mm Z 31041mm,X 109298mm Y -7475mm Z 31041mm,X 109565mm Y -7475mm Z 31422mm,TUBE_34x3.25,=22045/1302191,   0.000   0.000  -1.000,,
 =22045/1302376_2,GENSEC,X 109565mm Y -7475mm Z 31422mm,X 109565mm Y -7475mm Z 31422mm,X 110087mm Y -7475mm Z 32185mm,TUBE_34x3.25,=22045/1302191,   0.000   0.000  -1.000,,
 =22045/1302376_3,GENSEC,X 110087mm Y -7475mm Z 32185mm,X 110087mm Y -7475mm Z 32185mm,X 110140mm Y -7475mm Z 32185mm,TUBE_34x3.25,=22045/1302191,   0.000   0.000  -1.000,,
 =22045/1302376_4,GENSEC,X 110140mm Y -7475mm Z 32185mm,X 110140mm Y -7475mm Z 32185mm,X 110240mm Y -7475mm Z 32185mm,TUBE_34x3.25,=22045/1302191,   0.000   0.000  -1.000,,
 =22045/1302376_5,GENSEC,X 110240mm Y -7475mm Z 32185mm,X 110240mm Y -7475mm Z 32185mm,X 110240mm Y -7475mm Z 31235mm,TUBE_34x3.25,=22045/1302191,   1.000   0.000   0.000,,
 =22045/1302385_0,GENSEC,X 109298mm Y -6825mm Z 30048mm,X 109298mm Y -6825mm Z 30048mm,X 109298mm Y -6825mm Z 31041mm,TUBE_34x3.25,=22045/1302191,   1.000   0.000   0.000,,
 =22045/1302385_1,GENSEC,X 109298mm Y -6825mm Z 31041mm,X 109298mm Y -6825mm Z 31041mm,X 109565mm Y -6825mm Z 31422mm,TUBE_34x3.25,=22045/1302191,   0.000   0.000  -1.000,,
 =22045/1302385_2,GENSEC,X 109565mm Y -6825mm Z 31422mm,X 109565mm Y -6825mm Z 31422mm,X 110087mm Y -6825mm Z 32185mm,TUBE_34x3.25,=22045/1302191,   0.000   0.000  -1.000,,
 =22045/1302385_3,GENSEC,X 110087mm Y -6825mm Z 32185mm,X 110087mm Y -6825mm Z 32185mm,X 110140mm Y -6825mm Z 32185mm,TUBE_34x3.25,=22045/1302191,   0.000   0.000  -1.000,,
 =22045/1302385_4,GENSEC,X 110140mm Y -6825mm Z 32185mm,X 110140mm Y -6825mm Z 32185mm,X 110240mm Y -6825mm Z 32185mm,TUBE_34x3.25,=22045/1302191,   0.000   0.000  -1.000,,
 =22045/1302385_5,GENSEC,X 110240mm Y -6825mm Z 32185mm,X 110240mm Y -6825mm Z 32185mm,X 110240mm Y -6825mm Z 31235mm,TUBE_34x3.25,=22045/1302191,   1.000   0.000   0.000,,
 =22045/1302396,SCTN,X 109298mm Y -7475mm Z 30545mm,X 109298mm Y -7475mm Z 30545mm,X 110240mm Y -7475mm Z 31889mm,RBAR_19,=22045/1302191,   0.819   0.000  -0.574,OUTF,
 =22045/1302397,SCTN,X 109298mm Y -6825mm Z 30545mm,X 109298mm Y -6825mm Z 30545mm,X 110240mm Y -6825mm Z 31889mm,RBAR_19,=22045/1302191,   0.819   0.000  -0.574,OUTF,
 =22045/1302398,SCTN,X 109507mm Y -7475mm Z 31340mm,X 109507mm Y -7475mm Z 31340mm,X 109974mm Y -7475mm Z 31013mm,TUBE_34x3.25,=22045/1302191,  -0.574   0.000  -0.819,OUTF,
 =22045/1302399,SCTN,X 109507mm Y -6825mm Z 31340mm,X 109507mm Y -6825mm Z 31340mm,X 109974mm Y -6825mm Z 31013mm,TUBE_34x3.25,=22045/1302191,  -0.574   0.000  -0.819,OUTF,
 =22045/1302526,SCTN,X 109979mm Y -7450mm Z 30569mm,X 109979mm Y -7450mm Z 30569mm,X 110420mm Y -7450mm Z 30569mm,ANG_65x65x8,=22045/1302191,   0.000  -1.000   0.000,OUTF,
 =22045/1302532,SCTN,X 109959mm Y -6850mm Z 30569mm,X 109959mm Y -6850mm Z 30569mm,X 109859mm Y -6850mm Z 30569mm,ANG_65x65x8,=22045/1302191,   0.000   1.000   0.000,OUTF,
 =22045/1302574,SCTN,X 110420mm Y -6850mm Z 30569mm,X 110420mm Y -6850mm Z 30569mm,X 109979mm Y -6850mm Z 30569mm,ANG_65x65x8,=22045/1302191,   0.000   1.000   0.000,OUTF,
 =22045/1302592,SCTN,X 116191mm Y -6850mm Z 30961mm,X 116191mm Y -6850mm Z 30961mm,X 116860mm Y -6850mm Z 30006mm,ANG_50x50x6,=22045/1302590,   0.000   1.000   0.000,OUTF,
 =22045/1302593,SCTN,X 116191mm Y -7450mm Z 30961mm,X 116191mm Y -7450mm Z 30961mm,X 116860mm Y -7450mm Z 30006mm,ANG_50x50x6,=22045/1302590,   0.819   0.000   0.574,OUTF,
 =22045/1302594,SCTN,X 116195mm Y -6850mm Z 31234mm,X 116195mm Y -6850mm Z 31234mm,X 117076mm Y -6850mm Z 29976mm,ANG_50x50x6,=22045/1302590,  -0.819   0.000  -0.574,OUTF,
 =22045/1302595,SCTN,X 116195mm Y -7450mm Z 31234mm,X 116195mm Y -7450mm Z 31234mm,X 117076mm Y -7450mm Z 29976mm,ANG_50x50x6,=22045/1302590,   0.000  -1.000   0.000,OUTF,
 =22045/1302613,SCTN,X 116206mm Y -6837mm Z 31119mm,X 116206mm Y -6837mm Z 31119mm,X 116010mm Y -6837mm Z 31119mm,BULB_70x10,=22045/1302590,   0.000   1.000   0.000,OUTF,
 =22045/1302629,SCTN,X 116206mm Y -7463mm Z 31119mm,X 116206mm Y -7463mm Z 31119mm,X 116010mm Y -7463mm Z 31119mm,BULB_70x10,=22045/1302590,   0.000   1.000   0.000,OUTF,
 =22045/1302662,SCTN,X 117011mm Y -6837mm Z 29822mm,X 117011mm Y -6837mm Z 29822mm,X 117011mm Y -6837mm Z 29963mm,BULB_70x10,=22045/1302590,   0.000  -1.000   0.000,OUTF,
 =22045/1302678,SCTN,X 117011mm Y -7463mm Z 29804mm,X 117011mm Y -7463mm Z 29804mm,X 117011mm Y -7463mm Z 29963mm,BULB_70x10,=22045/1302590,   0.000  -1.000   0.000,OUTF,
 =22045/1302775_0,GENSEC,X 117026mm Y -6825mm Z 30048mm,X 117026mm Y -6825mm Z 30048mm,X 117026mm Y -6825mm Z 31041mm,TUBE_34x3.25,=22045/1302590,  -1.000   0.000   0.000,,
 =22045/1302775_1,GENSEC,X 117026mm Y -6825mm Z 31041mm,X 117026mm Y -6825mm Z 31041mm,X 116760mm Y -6825mm Z 31421mm,TUBE_34x3.25,=22045/1302590,   0.000   0.000  -1.000,,
 =22045/1302775_2,GENSEC,X 116760mm Y -6825mm Z 31421mm,X 116760mm Y -6825mm Z 31421mm,X 116238mm Y -6825mm Z 32184mm,TUBE_34x3.25,=22045/1302590,   0.000   0.000  -1.000,,
 =22045/1302775_3,GENSEC,X 116238mm Y -6825mm Z 32184mm,X 116238mm Y -6825mm Z 32184mm,X 116185mm Y -6825mm Z 32184mm,TUBE_34x3.25,=22045/1302590,   0.000   0.000  -1.000,,
 =22045/1302775_4,GENSEC,X 116185mm Y -6825mm Z 32184mm,X 116185mm Y -6825mm Z 32184mm,X 116085mm Y -6825mm Z 32184mm,TUBE_34x3.25,=22045/1302590,   0.000   0.000  -1.000,,
 =22045/1302775_5,GENSEC,X 116085mm Y -6825mm Z 32184mm,X 116085mm Y -6825mm Z 32184mm,X 116085mm Y -6825mm Z 31234mm,TUBE_34x3.25,=22045/1302590,  -1.000   0.000   0.000,,
 =22045/1302784_0,GENSEC,X 117026mm Y -7475mm Z 30048mm,X 117026mm Y -7475mm Z 30048mm,X 117026mm Y -7475mm Z 31041mm,TUBE_34x3.25,=22045/1302590,  -1.000   0.000   0.000,,
 =22045/1302784_1,GENSEC,X 117026mm Y -7475mm Z 31041mm,X 117026mm Y -7475mm Z 31041mm,X 116760mm Y -7475mm Z 31421mm,TUBE_34x3.25,=22045/1302590,   0.000   0.000  -1.000,,
 =22045/1302784_2,GENSEC,X 116760mm Y -7475mm Z 31421mm,X 116760mm Y -7475mm Z 31421mm,X 116238mm Y -7475mm Z 32184mm,TUBE_34x3.25,=22045/1302590,   0.000   0.000  -1.000,,
 =22045/1302784_3,GENSEC,X 116238mm Y -7475mm Z 32184mm,X 116238mm Y -7475mm Z 32184mm,X 116185mm Y -7475mm Z 32184mm,TUBE_34x3.25,=22045/1302590,   0.000   0.000  -1.000,,
 =22045/1302784_4,GENSEC,X 116185mm Y -7475mm Z 32184mm,X 116185mm Y -7475mm Z 32184mm,X 116085mm Y -7475mm Z 32184mm,TUBE_34x3.25,=22045/1302590,   0.000   0.000  -1.000,,
 =22045/1302784_5,GENSEC,X 116085mm Y -7475mm Z 32184mm,X 116085mm Y -7475mm Z 32184mm,X 116085mm Y -7475mm Z 31234mm,TUBE_34x3.25,=22045/1302590,  -1.000   0.000   0.000,,
 =22045/1302795,SCTN,X 117026mm Y -6825mm Z 30545mm,X 117026mm Y -6825mm Z 30545mm,X 116085mm Y -6825mm Z 31888mm,RBAR_19,=22045/1302590,  -0.819   0.000  -0.574,OUTF,
 =22045/1302796,SCTN,X 117026mm Y -7475mm Z 30545mm,X 117026mm Y -7475mm Z 30545mm,X 116085mm Y -7475mm Z 31888mm,RBAR_19,=22045/1302590,  -0.819   0.000  -0.574,OUTF,
 =22045/1302797,SCTN,X 116818mm Y -6825mm Z 31339mm,X 116818mm Y -6825mm Z 31339mm,X 116351mm Y -6825mm Z 31012mm,TUBE_34x3.25,=22045/1302590,   0.574   0.000  -0.819,OUTF,
 =22045/1302798,SCTN,X 116818mm Y -7475mm Z 31339mm,X 116818mm Y -7475mm Z 31339mm,X 116351mm Y -7475mm Z 31012mm,TUBE_34x3.25,=22045/1302590,   0.574   0.000  -0.819,OUTF,
 =22045/1302917,SCTN,X 116452mm Y -6850mm Z 30419mm,X 116452mm Y -6850mm Z 30419mm,X 115980mm Y -6850mm Z 30419mm,ANG_65x65x8,=22045/1302590,   0.000   1.000   0.000,OUTF,
 =22045/1302933,SCTN,X 116572mm Y -6850mm Z 30419mm,X 116572mm Y -6850mm Z 30419mm,X 116472mm Y -6850mm Z 30419mm,ANG_65x65x8,=22045/1302590,   0.000   1.000   0.000,OUTF,
 =22045/1302937,SCTN,X 116472mm Y -7450mm Z 30419mm,X 116472mm Y -7450mm Z 30419mm,X 116572mm Y -7450mm Z 30419mm,ANG_65x65x8,=22045/1302590,   0.000  -1.000   0.000,OUTF,
 =22045/1302979,SCTN,X 115980mm Y -7450mm Z 30419mm,X 115980mm Y -7450mm Z 30419mm,X 116452mm Y -7450mm Z 30419mm,ANG_65x65x8,=22045/1302590,   0.000  -1.000   0.000,OUTF,
 =30137/314160,SCTN,X 108910mm Y -9665mm Z 30451mm,X 108910mm Y -9665mm Z 30451mm,X 109820mm Y -9665mm Z 30451mm,ANG_130x130x12,=30137/314158,   0.000  -1.000   0.000,SUPP,
 =30137/314161,SCTN,X 108910mm Y -9665mm Z 30439mm,X 108910mm Y -9665mm Z 30439mm,X 108910mm Y -9665mm Z 29743mm,ANG_130x130x12,=30137/314158,   1.000   0.000   0.000,SUPP,
 =30137/314162,SCTN,X 109820mm Y -9665mm Z 30439mm,X 109820mm Y -9665mm Z 30439mm,X 109820mm Y -9665mm Z 29743mm,ANG_130x130x12,=30137/314158,   0.000  -1.000   0.000,SUPP,
 =30137/314174,SCTN,X 112065mm Y -9665mm Z 30451mm,X 112065mm Y -9665mm Z 30451mm,X 113610mm Y -9665mm Z 30451mm,ANG_130x130x12,=30137/314172,   0.000  -1.000   0.000,SUPP,
 =30137/314175,SCTN,X 112065mm Y -9665mm Z 29743mm,X 112065mm Y -9665mm Z 29743mm,X 112065mm Y -9665mm Z 29683mm,ANG_130x130x12,=30137/314172,   1.000   0.000   0.000,SUPP,
 =30137/314176,SCTN,X 113610mm Y -9665mm Z 29743mm,X 113610mm Y -9665mm Z 29743mm,X 113610mm Y -9665mm Z 29683mm,ANG_130x130x12,=30137/314172,   0.000  -1.000   0.000,SUPP,
 =30137/314187,SCTN,X 115300mm Y -9260mm Z 30451mm,X 115300mm Y -9260mm Z 30451mm,X 115300mm Y -10222mm Z 30451mm,ANG_130x130x12,=30137/314185,  -1.000   0.000   0.000,SUPP,
 =30137/314188,SCTN,X 115300mm Y -10015mm Z 30439mm,X 115300mm Y -10015mm Z 30439mm,X 115300mm Y -10015mm Z 29733mm,ANG_130x130x12,=30137/314185,   0.000  -1.000   0.000,SUPP,
 =30137/314189,SCTN,X 115300mm Y -10015mm Z 29683mm,X 115300mm Y -10015mm Z 29683mm,X 115300mm Y -10015mm Z 29733mm,ANG_130x130x12,=30137/314185,  -1.000   0.000   0.000,SUPP,
 =30137/314203,SCTN,X 113610mm Y -8225mm Z 31160mm,X 113610mm Y -8225mm Z 31160mm,X 113610mm Y -9400mm Z 31160mm,ANG_130x130x12,=21945/2402043,  -1.000   0.000   0.000,SUPP,
 =30137/314224,SCTN,X 116500mm Y -8630mm Z 30451mm,X 116500mm Y -8630mm Z 30451mm,X 116500mm Y -9455mm Z 30451mm,ANG_130x130x12,=30137/314222,  -1.000   0.000   0.000,SUPP,
 =30137/314225,SCTN,X 116500mm Y -8630mm Z 29772mm,X 116500mm Y -8630mm Z 29772mm,X 116500mm Y -8630mm Z 29683mm,ANG_130x130x12,=30137/314222,   0.000  -1.000   0.000,SUPP,
 =30137/314226,SCTN,X 116500mm Y -9270mm Z 29754mm,X 116500mm Y -9270mm Z 29754mm,X 116500mm Y -9270mm Z 29683mm,ANG_130x130x12,=30137/314222,  -1.000   0.000   0.000,SUPP,
 =30137/314249,SCTN,X 118950mm Y -8630mm Z 31160mm,X 118950mm Y -8630mm Z 31160mm,X 118950mm Y -9665mm Z 31160mm,ANG_130x130x12,=21945/2401988,  -1.000   0.000   0.000,SUPP,
 =30137/314250,SCTN,X 118950mm Y -8630mm Z 31148mm,X 118950mm Y -8630mm Z 31148mm,X 118950mm Y -8630mm Z 29772mm,ANG_130x130x12,=21945/2401988,   0.000  -1.000   0.000,SUPP,
 =30137/314261,SCTN,X 117940mm Y -9665mm Z 30451mm,X 117940mm Y -9665mm Z 30451mm,X 118938mm Y -9665mm Z 30451mm,ANG_130x130x12,=21945/2401988,   0.000  -1.000   0.000,SUPP,
 =30137/314262,SCTN,X 117940mm Y -9665mm Z 29743mm,X 117940mm Y -9665mm Z 29743mm,X 117940mm Y -9665mm Z 29683mm,ANG_130x130x12,=21945/2401988,   1.000   0.000   0.000,SUPP,
 =30137/314263,SCTN,X 118950mm Y -9665mm Z 29743mm,X 118950mm Y -9665mm Z 29743mm,X 118950mm Y -9665mm Z 29683mm,ANG_130x130x12,=21945/2401988,   0.000  -1.000   0.000,SUPP,
 =30137/314276,SCTN,X 120270mm Y -9665mm Z 30451mm,X 120270mm Y -9665mm Z 30451mm,X 120960mm Y -9665mm Z 30451mm,ANG_130x130x12,=30137/314274,   0.000  -1.000   0.000,SUPP,
 =30137/314286,SCTN,X 120960mm Y -9665mm Z 30439mm,X 120960mm Y -9665mm Z 30439mm,X 120960mm Y -9665mm Z 29743mm,ANG_130x130x12,=30137/314274,   0.000  -1.000   0.000,SUPP,
 =30137/1651546,SCTN,X 111270mm Y -9665mm Z 29927mm,X 111270mm Y -9665mm Z 29927mm,X 110890mm Y -9665mm Z 29927mm,ANG_50x50x6,=21945/2563260,   0.000   0.000   1.000,SUPP,
 =30137/1651547,SCTN,X 111270mm Y -9665mm Z 29927mm,X 111270mm Y -9665mm Z 29927mm,X 111270mm Y -9665mm Z 30108mm,ANG_50x50x6,=21945/2563260,   0.000   1.000   0.000,SUPP,
 =30137/1651548,SCTN,X 110890mm Y -9665mm Z 29927mm,X 110890mm Y -9665mm Z 29927mm,X 110890mm Y -9665mm Z 30108mm,ANG_50x50x6,=21945/2563260,   1.000   0.000   0.000,SUPP,
 =30137/1651909,SCTN,X 113040mm Y -7081mm Z 31067mm,X 113040mm Y -7081mm Z 31067mm,X 113040mm Y -6991mm Z 31067mm,ANG_50x50x6,=30137/1651907,   0.000   0.000   1.000,SUPP,
 =30137/1651917,SCTN,X 111305mm Y -6991mm Z 31067mm,X 111305mm Y -6991mm Z 31067mm,X 111305mm Y -7081mm Z 31067mm,ANG_50x50x6,=30137/1651915,   0.000   0.000   1.000,SUPP,
 =30137/1651936,SCTN,X 114885mm Y -7081mm Z 31067mm,X 114885mm Y -7081mm Z 31067mm,X 114885mm Y -6991mm Z 31067mm,ANG_50x50x6,=30137/1651934,   0.000   0.000   1.000,SUPP,
 =30137/1651944,SCTN,X 115051mm Y -6690mm Z 32057mm,X 115051mm Y -6690mm Z 32057mm,X 115051mm Y -6545mm Z 32057mm,ANG_50x50x6,=21945/2431295,   0.000   0.000  -1.000,SUPP,
 =30137/1651945,SCTN,X 115051mm Y -6690mm Z 32057mm,X 115051mm Y -6690mm Z 32057mm,X 114863mm Y -6690mm Z 32057mm,ANG_50x50x6,=21945/2431295,   0.000   1.000   0.000,SUPP,
 =30137/1651962,SCTN,X 115051mm Y -6690mm Z 31207mm,X 115051mm Y -6690mm Z 31207mm,X 115051mm Y -6545mm Z 31207mm,ANG_50x50x6,=21945/2431295,   0.000   0.000  -1.000,SUPP,
 =30137/1651965,SCTN,X 115051mm Y -6690mm Z 31207mm,X 115051mm Y -6690mm Z 31207mm,X 114863mm Y -6690mm Z 31207mm,ANG_50x50x6,=21945/2431295,   0.000   1.000   0.000,SUPP,
 =30237/416480,SCTN,X 109859mm Y -7450mm Z 30569mm,X 109859mm Y -7450mm Z 30569mm,X 109959mm Y -7450mm Z 30569mm,ANG_65x65x8,=22045/1302191,   0.000  -1.000   0.000,OUTF,
 =38329/169363,SCTN,X 116500mm Y -9995mm Z 29873mm,X 116500mm Y -9995mm Z 29873mm,X 116500mm Y -9905mm Z 29873mm,ANG_50x50x6,=38329/169361,   1.000   0.000   0.000,SUPP,
 =38329/169364,SCTN,X 116500mm Y -9925mm Z 29863mm,X 116500mm Y -9925mm Z 29863mm,X 116500mm Y -9925mm Z 29736mm,ANG_50x50x6,=38329/169361,   0.000  -1.000   0.000,SUPP,
 =38329/178410,SCTN,X 110695mm Y -7673mm Z 31151mm,X 110695mm Y -7673mm Z 31151mm,X 111270mm Y -7673mm Z 31151mm,ANG_50x50x6,=38329/178408,   0.000   0.000  -1.000,SUPP,
 =38329/178411,SCTN,X 110840mm Y -7667mm Z 31151mm,X 110840mm Y -7667mm Z 31151mm,X 110840mm Y -7420mm Z 31151mm,ANG_50x50x6,=38329/178408,   1.000   0.000   0.000,SUPP,
 =38329/178412,SCTN,X 111270mm Y -7673mm Z 31151mm,X 111270mm Y -7673mm Z 31151mm,X 111270mm Y -7420mm Z 31151mm,ANG_50x50x6,=38329/178408,   0.000   0.000  -1.000,SUPP,
 =38429/113049,SCTN,X 110420mm Y -7447mm Z 30559mm,X 110420mm Y -7447mm Z 30559mm,X 110730mm Y -7447mm Z 30559mm,ANG_50x50x6,=22045/244916,   0.000   0.000  -1.000,OUTF,
 =46521/170601,SCTN,X 120960mm Y -9665mm Z 29743mm,X 120960mm Y -9665mm Z 29743mm,X 120960mm Y -9665mm Z 29683mm,ANG_130x130x12,=30137/314274,   0.000  -1.000   0.000,SUPP,
 =46521/170604,SCTN,X 120270mm Y -9665mm Z 30439mm,X 120270mm Y -9665mm Z 30439mm,X 120270mm Y -9665mm Z 29743mm,ANG_130x130x12,=30137/314274,   1.000   0.000   0.000,SUPP,
 =46521/170607,SCTN,X 118950mm Y -9665mm Z 31170mm,X 118950mm Y -9665mm Z 31170mm,X 118950mm Y -9665mm Z 29743mm,ANG_130x130x12,=21945/2401988,   0.000  -1.000   0.000,SUPP,
 =46521/170611,SCTN,X 117940mm Y -9665mm Z 30439mm,X 117940mm Y -9665mm Z 30439mm,X 117940mm Y -9665mm Z 29743mm,ANG_130x130x12,=21945/2401988,   1.000   0.000   0.000,SUPP,
 =46521/170614,SCTN,X 118950mm Y -8630mm Z 29772mm,X 118950mm Y -8630mm Z 29772mm,X 118950mm Y -8630mm Z 29683mm,ANG_130x130x12,=21945/2401988,   0.000  -1.000   0.000,SUPP,
 =46521/170617,SCTN,X 116500mm Y -9270mm Z 30439mm,X 116500mm Y -9270mm Z 30439mm,X 116500mm Y -9270mm Z 29754mm,ANG_130x130x12,=30137/314222,  -1.000   0.000   0.000,SUPP,
 =46521/170623,SCTN,X 115300mm Y -9260mm Z 30439mm,X 115300mm Y -9260mm Z 30439mm,X 115300mm Y -9260mm Z 29754mm,ANG_130x130x12,=30137/314185,   0.000  -1.000   0.000,SUPP,
 =46521/170626,SCTN,X 115300mm Y -9260mm Z 29754mm,X 115300mm Y -9260mm Z 29754mm,X 115300mm Y -9260mm Z 29683mm,ANG_130x130x12,=30137/314185,   0.000  -1.000   0.000,SUPP,
 =46521/170629,SCTN,X 113610mm Y -9665mm Z 30439mm,X 113610mm Y -9665mm Z 30439mm,X 113610mm Y -9665mm Z 29743mm,ANG_130x130x12,=30137/314172,   0.000  -1.000   0.000,SUPP,
 =46521/170632,SCTN,X 112065mm Y -9665mm Z 30439mm,X 112065mm Y -9665mm Z 30439mm,X 112065mm Y -9665mm Z 29743mm,ANG_130x130x12,=30137/314172,   1.000   0.000   0.000,SUPP,
 =46521/170635,SCTN,X 113610mm Y -9400mm Z 31148mm,X 113610mm Y -9400mm Z 31148mm,X 113610mm Y -9400mm Z 30451mm,ANG_130x130x12,=21945/2402043,  -1.000   0.000   0.000,SUPP,
 =46521/170638,SCTN,X 113610mm Y -8225mm Z 31148mm,X 113610mm Y -8225mm Z 31148mm,X 113610mm Y -8225mm Z 30451mm,ANG_130x130x12,=21945/2402043,   0.000  -1.000   0.000,SUPP,
 =46521/170642,SCTN,X 109820mm Y -9665mm Z 29743mm,X 109820mm Y -9665mm Z 29743mm,X 109820mm Y -9665mm Z 29683mm,ANG_130x130x12,=30137/314158,   0.000  -1.000   0.000,SUPP,
 =46521/170645,SCTN,X 108910mm Y -9665mm Z 29743mm,X 108910mm Y -9665mm Z 29743mm,X 108910mm Y -9665mm Z 29683mm,ANG_130x130x12,=30137/314158,   1.000   0.000   0.000,SUPP,
 =54713/359012,SCTN,X 110720mm Y -4805mm Z 30713mm,X 110720mm Y -4805mm Z 30713mm,X 111360mm Y -4805mm Z 30713mm,ANG_75x75x6,=54713/359010,   0.000  -1.000   0.000,SUPP,
 =54713/359013,SCTN,X 111360mm Y -4805mm Z 30461mm,X 111360mm Y -4805mm Z 30461mm,X 111360mm Y -4805mm Z 30713mm,ANG_75x75x6,=54713/359010,  -1.000   0.000   0.000,SUPP,
 =54713/359014,SCTN,X 110720mm Y -4805mm Z 30461mm,X 110720mm Y -4805mm Z 30461mm,X 110720mm Y -4805mm Z 30713mm,ANG_75x75x6,=54713/359010,   0.000  -1.000   0.000,SUPP,
 =54713/359055,SCTN,X 112065mm Y -8405mm Z 30171mm,X 112065mm Y -8405mm Z 30171mm,X 112065mm Y -8405mm Z 30439mm,ANG_100x100x13,=21945/820078,   0.000  -1.000   0.000,SUPP,
 =54713/359059,SCTN,X 112065mm Y -8275mm Z 31159mm,X 112065mm Y -8275mm Z 31159mm,X 112065mm Y -8275mm Z 30451mm,ANG_65x65x6,=21945/820078,   1.000   0.000   0.000,SUPP,
 =54713/359142,SCTN,X 119515mm Y -10300mm Z 29873mm,X 119515mm Y -10300mm Z 29873mm,X 119385mm Y -10300mm Z 29873mm,ANG_50x50x6,=54713/359140,   0.000   1.000   0.000,SUPP,
 =54713/359145,SCTN,X 119475mm Y -10300mm Z 29863mm,X 119475mm Y -10300mm Z 29863mm,X 119475mm Y -10300mm Z 29725mm,ANG_50x50x6,=54713/359140,   0.000  -1.000   0.000,SUPP,
 =79289/1209,SCTN,X 110720mm Y -625mm Z 30451mm,X 110720mm Y -625mm Z 30451mm,X 110720mm Y -1280mm Z 30451mm,ANG_75x75x6,=79289/1147,   0.000   0.000  -1.000,SUPP,
 =79289/1210,SCTN,X 111360mm Y -625mm Z 30451mm,X 111360mm Y -625mm Z 30451mm,X 111360mm Y -1280mm Z 30451mm,ANG_75x75x6,=79289/1147,  -1.000   0.000   0.000,SUPP,
 =87481/740,SCTN,X 117940mm Y -9677mm Z 29873mm,X 117940mm Y -9677mm Z 29873mm,X 117940mm Y -9995mm Z 29873mm,ANG_50x50x6,=21945/2401988,   0.000   0.000  -1.000,SUPP,
 =87481/967,SCTN,X 118950mm Y -9677mm Z 29873mm,X 118950mm Y -9677mm Z 29873mm,X 118950mm Y -10015mm Z 29873mm,ANG_50x50x6,=21945/2401988,  -1.000   0.000   0.000,SUPP,
 =87481/970,SCTN,X 115300mm Y -10015mm Z 29873mm,X 115300mm Y -10015mm Z 29873mm,X 115300mm Y -9905mm Z 29873mm,ANG_50x50x6,=30137/314185,   0.000   0.000  -1.000,SUPP,
 =87481/972,SCTN,X 113610mm Y -9677mm Z 29873mm,X 113610mm Y -9677mm Z 29873mm,X 113610mm Y -10125mm Z 29873mm,ANG_50x50x6,=30137/314172,  -1.000   0.000   0.000,SUPP,
 =87481/974,SCTN,X 112065mm Y -9677mm Z 29873mm,X 112065mm Y -9677mm Z 29873mm,X 112065mm Y -10125mm Z 29873mm,ANG_50x50x6,=30137/314172,   0.000   0.000  -1.000,SUPP,
 =87481/1461,SCTN,X 112065mm Y -7565mm Z 30451mm,X 112065mm Y -7565mm Z 30451mm,X 112065mm Y -9465mm Z 30451mm,ANG_130x130x12,=21945/820078,   0.000   0.000  -1.000,SUPP,
 =87481/1473,SCTN,X 110870mm Y -9815mm Z 29873mm,X 110870mm Y -9815mm Z 29873mm,X 111290mm Y -9815mm Z 29873mm,ANG_50x50x6,=87481/1471,   0.000  -1.000   0.000,SUPP,
 =87481/1474,SCTN,X 110870mm Y -9815mm Z 29873mm,X 110870mm Y -9815mm Z 29873mm,X 110870mm Y -9815mm Z 29739mm,ANG_50x50x6,=87481/1471,   1.000   0.000   0.000,SUPP,
 =87481/1475,SCTN,X 111290mm Y -9815mm Z 29873mm,X 111290mm Y -9815mm Z 29873mm,X 111290mm Y -9815mm Z 29739mm,ANG_50x50x6,=87481/1471,   0.000  -1.000   0.000,SUPP,
 =95673/12749,SCTN,X 114863mm Y -5816mm Z 31067mm,X 114863mm Y -5816mm Z 31067mm,X 114863mm Y -6684mm Z 31067mm,ANG_65x65x6,=21945/2431295,  -1.000   0.000   0.000,SUPP,
 =95673/12750,SCTN,X 114863mm Y -5810mm Z 31917mm,X 114863mm Y -5810mm Z 31917mm,X 114863mm Y -5810mm Z 30451mm,ANG_65x65x6,=21945/2431295,   0.000  -1.000   0.000,SUPP,
 =95673/12751,SCTN,X 114863mm Y -6690mm Z 32067mm,X 114863mm Y -6690mm Z 32067mm,X 114863mm Y -6690mm Z 30451mm,ANG_65x65x6,=21945/2431295,  -1.000   0.000   0.000,SUPP,
 =95673/12760,SCTN,X 114863mm Y -5810mm Z 31917mm,X 114863mm Y -5810mm Z 31917mm,X 114863mm Y -6684mm Z 31917mm,ANG_65x65x6,=21945/2431295,  -1.000   0.000   0.000,SUPP,
