name,type,pos,apos,lpos,bran,outDia,thick,normal,interPos,p3Pos,outDia2,thick2,rest,mass,wvol,remark,Ispec,material
 =87481/730,TUBI,X 111095mm Y -9040mm Z 31063mm,X 111095mm Y -9040mm Z 30932mm,X 111095mm Y -9040mm Z 31194mm,XA-103-25A_001/B2,33.4,3.38,   0.000   1.000   0.000,,,0,0,,0.6623,111038.3+-9096.7+30932.5+111151.7+-8983.3+31194.5,,40,A312_TP304L
 =87481/728,ELBO,X 111095mm Y -9040mm Z 31233mm,X 111057mm Y -9040mm Z 31233mm,X 111095mm Y -9040mm Z 31194mm,XA-103-25A_001/B2,33.4,3.38,   0.000   1.000   0.000,X 111084mm Y -9040mm Z 31222mm,,0,0,,0.15,111038.2+-9096.8+31175.8+111151.8+-8983.2+31289.3,,40,A312_TP304L
 =30137/1702810,TUBI,X 110917mm Y -9040mm Z 31233mm,X 111057mm Y -9040mm Z 31233mm,X 110778mm Y -9040mm Z 31233mm,XA-103-25A_001/B2,33.4,3.38,   0.000   0.000   1.000,,,0,0,,0.7048,110778.1+-9096.7+31175.9+111056.9+-8983.3+31289.3,,40,A312_TP304L
 =21945/708575,ELBO,X 110740mm Y -9040mm Z 31233mm,X 110778mm Y -9040mm Z 31233mm,X 110740mm Y -9002mm Z 31233mm,XA-103-25A_001/B2,33.4,3.38,   0.000   0.000  -1.000,X 110751mm Y -9029mm Z 31233mm,,0,0,,0.15,110683.2+-9096.8+31175.8+110796.8+-8983.2+31289.3,,40,A312_TP304L
 =30137/1702812,TUBI,X 110740mm Y -8469mm Z 31233mm,X 110740mm Y -9002mm Z 31233mm,X 110740mm Y -7936mm Z 31233mm,XA-103-25A_001/B2,33.4,3.38,   0.000   0.000   1.000,,,0,0,,2.6944,110683.3+-9001.9+31175.9+110796.7+-7936.1+31289.3,,40,A312_TP304L
 =21945/2403277,UBOLT,X 110740mm Y -8437mm Z 31233mm,X 110740mm Y -8437mm Z 31233mm,X 110740mm Y -8437mm Z 31233mm,XA-103-25A_001/B2,0,0,   0.000   0.000   1.000,,,0,0,13,0.8,110638.5+-8457.5+31122.1+110841.5+-8417.5+31312.1,,40,
 =21945/708541,ELBO,X 110740mm Y -7898mm Z 31233mm,X 110740mm Y -7936mm Z 31233mm,X 110740mm Y -7898mm Z 31271mm,XA-103-25A_001/B2,33.4,3.38,   1.000   0.000   0.000,X 110740mm Y -7909mm Z 31244mm,,0,0,,0.15,110683.2+-7954.7+31175.8+110796.8+-7841.2+31289.3,,40,A312_TP304L
 =21945/708542,FLAN,X 110740mm Y -7898mm Z 31326mm,X 110740mm Y -7898mm Z 31271mm,X 110740mm Y -7898mm Z 31326mm,XA-103-25A_001/B2,33.4,3.38,  -1.000   0.000   0.000,,,0,0,,1.04,110646+-7991.9+31270.7+110834+-7804+31326.1,,40,A312_TP304L
 =21945/708544,VALV,X 110740mm Y -7898mm Z 31431mm,X 110740mm Y -7898mm Z 31331mm,X 110740mm Y -7798mm Z 31431mm,XA-103-25A_001/B2,0,0,,,,0,0,,6,110685+-7953+31330.6+110795+-7798+31838.6,,40,
 =71097/8566,TUBI,X 114415mm Y -8405mm Z 31063mm,X 114415mm Y -8405mm Z 30932mm,X 114415mm Y -8405mm Z 31194mm,XA-103-25A_002/B3,33.4,3.38,   0.000   1.000   0.000,,,0,0,,0.6623,114358.3+-8461.7+30932.5+114471.7+-8348.3+31194.5,,40,A312_TP304L
 =21945/708546,ELBO,X 114415mm Y -8405mm Z 31233mm,X 114415mm Y -8405mm Z 31194mm,X 114377mm Y -8405mm Z 31233mm,XA-103-25A_002/B3,33.4,3.38,   0.000  -1.000   0.000,X 114404mm Y -8405mm Z 31221mm,,0,0,,0.15,114358.2+-8461.8+31175.8+114471.8+-8348.2+31289.3,,40,A312_TP304L
 =30137/1702836,TUBI,X 112818mm Y -8405mm Z 31233mm,X 114377mm Y -8405mm Z 31233mm,X 111258mm Y -8405mm Z 31233mm,XA-103-25A_002/B3,33.4,3.38,   0.000   0.000   1.000,,,0,0,,7.8843,111258.1+-8461.7+31175.9+114376.9+-8348.3+31289.3,,40,A312_TP304L
 =21945/2402055,UBOLT,X 113545mm Y -8405mm Z 31233mm,X 113545mm Y -8405mm Z 31233mm,X 113545mm Y -8405mm Z 31233mm,XA-103-25A_002/B3,0,0,   0.000   0.000   1.000,,,0,0,3,1.1,113525+-8552.5+31122.1+113565+-8257.5+31312.1,,40,
 =21945/2403109,UBOLT,X 112097mm Y -8405mm Z 31233mm,X 112097mm Y -8405mm Z 31233mm,X 112097mm Y -8405mm Z 31233mm,XA-103-25A_002/B3,0,0,   0.000   0.000   1.000,,,0,0,23,0.8,112077.5+-8506.5+31122.1+112117.5+-8303.5+31312.1,,40,
 =21945/708576,ELBO,X 111220mm Y -8405mm Z 31233mm,X 111258mm Y -8405mm Z 31233mm,X 111220mm Y -8367mm Z 31233mm,XA-103-25A_002/B3,33.4,3.38,   0.000   0.000  -1.000,X 111231mm Y -8394mm Z 31233mm,,0,0,,0.15,111163.2+-8461.8+31175.8+111276.8+-8348.2+31289.3,,40,A312_TP304L
 =30137/1702838,TUBI,X 111220mm Y -8151mm Z 31233mm,X 111220mm Y -8367mm Z 31233mm,X 111220mm Y -7936mm Z 31233mm,XA-103-25A_002/B3,33.4,3.38,   0.000   0.000   1.000,,,0,0,,1.0891,111163.3+-8366.9+31175.9+111276.7+-7936.1+31289.3,,40,A312_TP304L
 =21945/2403276,UBOLT,X 111220mm Y -8238mm Z 31233mm,X 111220mm Y -8238mm Z 31233mm,X 111220mm Y -8238mm Z 31233mm,XA-103-25A_002/B3,0,0,   0.000   0.000   1.000,,,0,0,13,0.8,111118.5+-8257.5+31122.1+111321.5+-8217.5+31312.1,,40,
 =21945/708547,ELBO,X 111220mm Y -7898mm Z 31233mm,X 111220mm Y -7936mm Z 31233mm,X 111220mm Y -7898mm Z 31271mm,XA-103-25A_002/B3,33.4,3.38,   1.000   0.000   0.000,X 111220mm Y -7909mm Z 31244mm,,0,0,,0.15,111163.2+-7954.7+31175.8+111276.8+-7841.2+31289.3,,40,A312_TP304L
 =21945/708548,FLAN,X 111220mm Y -7898mm Z 31326mm,X 111220mm Y -7898mm Z 31271mm,X 111220mm Y -7898mm Z 31326mm,XA-103-25A_002/B3,33.4,3.38,   1.000   0.000   0.000,,,0,0,,1.04,111126+-7991.9+31270.7+111314+-7804+31326.1,,40,A312_TP304L
 =21945/708550,VALV,X 111220mm Y -7898mm Z 31431mm,X 111220mm Y -7898mm Z 31331mm,X 111220mm Y -7798mm Z 31431mm,XA-103-25A_002/B3,0,0,,,,0,0,,6,111165+-7953+31330.6+111275+-7798+31838.6,,40,
 =71097/8564,TUBI,X 115565mm Y -8420mm Z 31063mm,X 115565mm Y -8420mm Z 30932mm,X 115565mm Y -8420mm Z 31194mm,XA-103-25A_004/B2,33.4,3.38,   0.000   1.000   0.000,,,0,0,,0.6623,115508.3+-8476.7+30932.5+115621.7+-8363.3+31194.5,,40,A312_TP304L
 =21945/708552,ELBO,X 115565mm Y -8420mm Z 31233mm,X 115565mm Y -8420mm Z 31194mm,X 115538mm Y -8447mm Z 31233mm,XA-103-25A_004/B2,33.4,3.38,   0.707  -0.707   0.000,X 115557mm Y -8428mm Z 31221mm,,0,0,,0.15,115484.7+-8500.3+31175.8+115645.3+-8339.7+31289.3,,40,A312_TP304L
 =30137/1702861,TUBI,X 115437mm Y -8548mm Z 31233mm,X 115538mm Y -8447mm Z 31233mm,X 115336mm Y -8649mm Z 31233mm,XA-103-25A_004/B2,33.4,3.38,   0.000   0.000   1.000,,,0,0,,0.7218,115296.1+-8688.9+31175.9+115578.2+-8406.9+31289.3,,40,A312_TP304L
 =30137/313652,ELBO,X 115325mm Y -8660mm Z 31233mm,X 115336mm Y -8649mm Z 31233mm,X 115309mm Y -8660mm Z 31233mm,XA-103-25A_004/B2,33.4,3.38,   0.000   0.000  -1.000,X 115324mm Y -8657mm Z 31233mm,,0,0,,0.08,115296+-8716.8+31175.8+115376.3+-8603.2+31289.3,,40,A312_TP304L
 =30137/1702863,TUBI,X 113164mm Y -8660mm Z 31233mm,X 115309mm Y -8660mm Z 31233mm,X 111018mm Y -8660mm Z 31233mm,XA-103-25A_004/B2,33.4,3.38,   0.000   0.000   1.000,,,0,0,,10.848,111018.1+-8716.7+31175.9+115309.2+-8603.3+31289.3,,40,A312_TP304L
 =21945/2687578,UBOLT,X 115092mm Y -8660mm Z 31233mm,X 115092mm Y -8660mm Z 31233mm,X 115092mm Y -8660mm Z 31233mm,XA-103-25A_004/B2,0,0,   0.000   0.000   1.000,,,0,0,3,1.1,115072.5+-8807.5+31122.1+115112.5+-8512.5+31312.1,,40,
 =21945/2402053,UBOLT,X 113642mm Y -8660mm Z 31233mm,X 113642mm Y -8660mm Z 31233mm,X 113642mm Y -8660mm Z 31233mm,XA-103-25A_004/B2,0,0,   0.000   0.000   1.000,,,0,0,3,1.1,113622.5+-8807.5+31122.1+113662.5+-8512.5+31312.1,,40,
 =21945/2403110,UBOLT,X 112097mm Y -8660mm Z 31233mm,X 112097mm Y -8660mm Z 31233mm,X 112097mm Y -8660mm Z 31233mm,XA-103-25A_004/B2,0,0,   0.000   0.000   1.000,,,0,0,23,0.8,112077.5+-8761.5+31122.1+112117.5+-8558.5+31312.1,,40,
 =30137/313653,ELBO,X 110980mm Y -8660mm Z 31233mm,X 111018mm Y -8660mm Z 31233mm,X 110980mm Y -8622mm Z 31233mm,XA-103-25A_004/B2,33.4,3.38,   0.000   0.000  -1.000,X 110991mm Y -8649mm Z 31233mm,,0,0,,0.15,110923.2+-8716.8+31175.8+111036.8+-8603.2+31289.3,,40,A312_TP304L
 =30137/1702865,TUBI,X 110980mm Y -8279mm Z 31233mm,X 110980mm Y -8622mm Z 31233mm,X 110980mm Y -7936mm Z 31233mm,XA-103-25A_004/B2,33.4,3.38,   0.000   0.000   1.000,,,0,0,,1.7338,110923.3+-8621.9+31175.9+111036.7+-7936.1+31289.3,,40,A312_TP304L
 =21945/2403275,UBOLT,X 110980mm Y -8238mm Z 31233mm,X 110980mm Y -8238mm Z 31233mm,X 110980mm Y -8238mm Z 31233mm,XA-103-25A_004/B2,0,0,   0.000   0.000   1.000,,,0,0,13,0.8,110878.5+-8257.5+31122.1+111081.5+-8217.5+31312.1,,40,
 =21945/708553,ELBO,X 110980mm Y -7898mm Z 31233mm,X 110980mm Y -7936mm Z 31233mm,X 110980mm Y -7898mm Z 31271mm,XA-103-25A_004/B2,33.4,3.38,   1.000   0.000   0.000,X 110980mm Y -7909mm Z 31244mm,,0,0,,0.15,110923.2+-7954.7+31175.8+111036.8+-7841.2+31289.3,,40,A312_TP304L
 =21945/708554,FLAN,X 110980mm Y -7898mm Z 31326mm,X 110980mm Y -7898mm Z 31271mm,X 110980mm Y -7898mm Z 31326mm,XA-103-25A_004/B2,33.4,3.38,   1.000   0.000   0.000,,,0,0,,1.04,110886+-7991.9+31270.7+111074+-7804+31326.1,,40,A312_TP304L
 =21945/708556,VALV,X 110980mm Y -7898mm Z 31431mm,X 110980mm Y -7898mm Z 31331mm,X 110980mm Y -7798mm Z 31431mm,XA-103-25A_004/B2,0,0,,,,0,0,,6,110925+-7953+31330.6+111035+-7798+31838.6,,40,
 =21945/793771,TUBI,X 111715mm Y -825mm Z 30728mm,X 111715mm Y -625mm Z 30728mm,X 111715mm Y -1025mm Z 30728mm,XA-103-350A_001/B1,355.6,4.78,   0.000   0.000   1.000,,,0,0,,16.711,111457.2+-1025+30469.9+111972.8+-625+30985.5,,80,A312_TP304L
 =21945/793773,TUBI,X 111715mm Y -3498mm Z 30728mm,X 111715mm Y -1025mm Z 30728mm,X 111715mm Y -5971mm Z 30728mm,XA-103-350A_001/B1,355.6,4.78,   0.000   0.000   1.000,,,0,0,,206.61,111457.2+-5970.6+30469.9+111972.8+-1025+30985.5,,80,A312_TP304L
 =21945/2587766,UBOLT,X 111715mm Y -1500mm Z 30728mm,X 111715mm Y -1500mm Z 30728mm,X 111715mm Y -1500mm Z 30728mm,XA-103-350A_001/B1,0,0,   0.000   0.000   1.000,,,0,0,13,11.09,111436+-1562.5+30450.7+111994+-1437.5+31006.7,BOX,80,
 =21945/2587720,UBOLT,X 111715mm Y -4485mm Z 30728mm,X 111715mm Y -4485mm Z 30728mm,X 111715mm Y -4485mm Z 30728mm,XA-103-350A_001/B1,0,0,   0.000   0.000   1.000,,,0,0,13,11.09,111436+-4547.5+30450.7+111994+-4422.5+31006.7,BOX,80,
 =21945/585457,TEE,X 111715mm Y -6250mm Z 30728mm,X 111715mm Y -6529mm Z 30728mm,X 111715mm Y -5971mm Z 30728mm,XA-103-350A_001/B1,355.6,4.78,   0.707   0.000  -0.707,,X 111913mm Y -6250mm Z 30925mm,355.6,4.78,,53.5,111537.2+-6529.4+30549.9+112038.3+-5970.6+31051,,80,A312_TP304L
 =30137/1702794,TUBI,X 111715mm Y -7107mm Z 30728mm,X 111715mm Y -6529mm Z 30728mm,X 111715mm Y -7685mm Z 30728mm,XA-103-350A_001/B1,355.6,4.78,   0.000   0.000   1.000,,,0,0,,48.278,111457.2+-7685+30469.9+111972.8+-6529.4+30985.5,,80,A312_TP304L
 =21945/2341623,UBOLT,X 111715mm Y -7195mm Z 30728mm,X 111715mm Y -7195mm Z 30728mm,X 111715mm Y -7195mm Z 30728mm,XA-103-350A_001/B1,0,0,   0.000   0.000   1.000,,,0,0,13,11.09,111436+-7257.5+30450.7+111994+-7132.5+31006.7,BOX,80,
 =38329/60899,OLET,X 111715mm Y -7685mm Z 30728mm,X 111715mm Y -7685mm Z 30728mm,X 111920mm Y -7685mm Z 30728mm,XA-103-350A_001/B1,355.6,9.53,   0.000   1.000   0.000,,,33.4,3.38,,0.23,111892.8+-7712+30700.7+111919.8+-7658+30754.7,,80,A312_TP304L
 =38329/60899,TUBI,X 111715mm Y -7767mm Z 30728mm,X 111715mm Y -7685mm Z 30728mm,X 111715mm Y -7849mm Z 30728mm,XA-103-350A_001/B1,355.6,4.78,   1.000   0.000   0.000,,,0,0,,6.8357,111457.2+-7848.6+30469.9+111972.8+-7685+30985.5,,80,A312_TP304L
 =30137/296166,FLAN,X 111715mm Y -7976mm Z 30728mm,X 111715mm Y -7849mm Z 30728mm,X 111715mm Y -7976mm Z 30728mm,XA-103-350A_001/B1,355.6,4.78,   0.000   0.000   1.000,,,0,0,,51.75,111368.3+-7975.6+30381+112061.7+-7848.6+31074.4,,80,A312_TP304L
 =21945/2606111,ATTA,X 111715mm Y -8026mm Z 30728mm,X 111715mm Y -8026mm Z 30728mm,X 111715mm Y -8026mm Z 30728mm,XA-103-350A_001/B1,0,0,,,,0,0,,6.3297,111429.1+-8114.9+30271.1+112020.9+-7937.3+30692.1,,80,
 =30137/296164,VALV,X 111715mm Y -8026mm Z 30728mm,X 111715mm Y -7980mm Z 30728mm,X 111715mm Y -8072mm Z 30728mm,XA-103-350A_001/B1,0,0,,,,0,0,,150,111266+-8185.1+30424.7+111981.5+-7467.1+31781.7,,80,
 =30137/296162,FLAN,X 111715mm Y -8077mm Z 30728mm,X 111715mm Y -8204mm Z 30728mm,X 111715mm Y -8077mm Z 30728mm,XA-103-350A_001/B1,355.6,4.78,   0.000   0.000   1.000,,,0,0,,51.75,111368.3+-8203.6+30381+112061.7+-8076.6+31074.4,,80,A312_TP304L
 =30137/1702797,TUBI,X 111715mm Y -8355mm Z 30728mm,X 111715mm Y -8204mm Z 30728mm,X 111715mm Y -8507mm Z 30728mm,XA-103-350A_001/B1,355.6,4.78,   0.000   0.000   1.000,,,0,0,,12.658,111457.2+-8506.6+30469.9+111972.8+-8203.6+30985.5,,80,A312_TP304L
 =30137/209581,ELBO,X 111715mm Y -9040mm Z 30728mm,X 111182mm Y -9040mm Z 30728mm,X 111715mm Y -8507mm Z 30728mm,XA-103-350A_001/B1,355.6,4.78,   0.000   0.000   1.000,X 111347mm Y -9014mm Z 30728mm+X 111496mm Y -8938mm Z 30728mm+X 111614mm Y -8820mm Z 30728mm+X 111689mm Y -8671mm Z 30728mm,,0,0,,34.6,111181.6+-9297.8+30469.9+111972.8+-8506.6+30985.5,,80,A312_TP304L
 =30137/1702798,TUBI,X 111138mm Y -9040mm Z 30728mm,X 111182mm Y -9040mm Z 30728mm,X 111095mm Y -9040mm Z 30728mm,XA-103-350A_001/B1,355.6,4.78,   0.000   0.000   1.000,,,0,0,,3.6179,111095+-9297.8+30469.9+111181.6+-8782.2+30985.5,,80,A312_TP304L
 =21945/708524,OLET,X 111095mm Y -9040mm Z 30728mm,X 111095mm Y -9040mm Z 30728mm,X 111095mm Y -9040mm Z 30932mm,XA-103-350A_001/B1,355.6,9.53,  -1.000   0.000   0.000,,,33.4,3.38,,0.23,111068+-9067+30905.5+111122+-9013+30932.5,,80,A312_TP304L
 =21945/708524,TUBI,X 110497mm Y -9040mm Z 30728mm,X 111095mm Y -9040mm Z 30728mm,X 109898mm Y -9040mm Z 30728mm,XA-103-350A_001/B1,355.6,4.78,   0.000   0.000   1.000,,,0,0,,49.99,109898.4+-9297.8+30469.9+111095+-8782.2+30985.5,,80,A312_TP304L
 =30137/209580,ELBO,X 109365mm Y -9040mm Z 30728mm,X 109365mm Y -9573mm Z 30728mm,X 109898mm Y -9040mm Z 30728mm,XA-103-350A_001/B1,355.6,4.78,   0.000   0.000  -1.000,X 109391mm Y -9408mm Z 30728mm+X 109467mm Y -9259mm Z 30728mm+X 109585mm Y -9141mm Z 30728mm+X 109734mm Y -9066mm Z 30728mm,,0,0,,34.6,109107.2+-9573.4+30469.9+109898.4+-8782.2+30985.5,,80,A312_TP304L
 =30137/1702800,TUBI,X 109365mm Y -9762mm Z 30728mm,X 109365mm Y -9573mm Z 30728mm,X 109365mm Y -9950mm Z 30728mm,XA-103-350A_001/B1,355.6,4.78,   0.000   0.000   1.000,,,0,0,,15.733,109107.2+-9950+30469.9+109622.8+-9573.4+30985.5,,80,A312_TP304L
 =21945/2587544,UBOLT,X 109365mm Y -9730mm Z 30728mm,X 109365mm Y -9730mm Z 30728mm,X 109365mm Y -9730mm Z 30728mm,XA-103-350A_001/B1,0,0,   0.000   0.000   1.000,,,0,0,13,7.6198,109170+-9792.5+30450.7+109560+-9667.5+31006.7,BOX,80,
 =30137/1651533,TUBI,X 109365mm Y -10125mm Z 30728mm,X 109365mm Y -9950mm Z 30728mm,X 109365mm Y -10300mm Z 30728mm,XA-103-350A_001/B1,355.6,4.78,   0.000   0.000   1.000,,,0,0,,14.622,109107.2+-10300+30469.9+109622.8+-9950+30985.5,,80,A312_TP304L
 =21945/793772,TUBI,X 112465mm Y -825mm Z 30659mm,X 112465mm Y -625mm Z 30659mm,X 112465mm Y -1025mm Z 30659mm,XG-212-200A_001/B2,219.1,3.76,   0.000   0.000   1.000,,,0,0,,8.0684,112275.5+-1025+30469.9+112654.6+-625+30849,,80,A312_TP304L
 =21945/793774,TUBI,X 112465mm Y -1948mm Z 30659mm,X 112465mm Y -1025mm Z 30659mm,X 112465mm Y -2870mm Z 30659mm,XG-212-200A_001/B2,219.1,3.76,   0.000   0.000   1.000,,,0,0,,37.22,112275.5+-2870.2+30469.9+112654.6+-1025+30849,,80,A312_TP304L
 =21945/2431667,UBOLT,X 112465mm Y -1538mm Z 30659mm,X 112465mm Y -1538mm Z 30659mm,X 112465mm Y -1538mm Z 30659mm,XG-212-200A_001/B2,0,0,   0.000   0.000   1.000,,,0,0,13,3.3,112204.5+-1562.5+30409+112725.5+-1512.5+30878,,80,
 =21945/2582759,TUBI,X 112465mm Y -5279mm Z 30659mm,X 112465mm Y -2872mm Z 30659mm,X 112465mm Y -7685mm Z 30659mm,XG-212-200A_001/B2,219.1,3.76,   0.000   0.000   1.000,,,0,0,,97.079,112275.5+-7685+30469.9+112654.6+-2872.2+30849,,80,A312_TP304L
 =21945/2431529,UBOLT,X 112465mm Y -4522mm Z 30659mm,X 112465mm Y -4522mm Z 30659mm,X 112465mm Y -4522mm Z 30659mm,XG-212-200A_001/B2,0,0,   0.000   0.000   1.000,,,0,0,13,3.3,112204.5+-4547.5+30409+112725.5+-4497.5+30878,,80,
 =21945/2341577,UBOLT,X 112465mm Y -7195mm Z 30659mm,X 112465mm Y -7195mm Z 30659mm,X 112465mm Y -7195mm Z 30659mm,XG-212-200A_001/B2,0,0,   0.000   0.000   1.000,,,0,0,13,10.23,112254.5+-7257.5+30451+112675.5+-7132.5+30870,BOX,80,
 =38329/60900,OLET,X 112465mm Y -7685mm Z 30659mm,X 112465mm Y -7685mm Z 30659mm,X 112465mm Y -7685mm Z 30796mm,XG-212-200A_001/B2,219.1,8.18,   0.000   1.000   0.000,,,33.4,3.38,,0.23,112438+-7712+30769+112492+-7658+30796,,80,A312_TP304L
 =38329/60900,TUBI,X 112465mm Y -8279mm Z 30659mm,X 112465mm Y -7685mm Z 30659mm,X 112465mm Y -8872mm Z 30659mm,XG-212-200A_001/B2,219.1,3.76,   0.000   0.000   1.000,,,0,0,,23.947,112275.5+-8872.2+30469.9+112654.6+-7685+30849,,80,A312_TP304L
 =30137/210696,TEE,X 112465mm Y -9050mm Z 30659mm,X 112465mm Y -9228mm Z 30659mm,X 112465mm Y -8872mm Z 30659mm,XG-212-200A_001/B2,219.1,3.76,   0.707   0.000  -0.707,,X 112591mm Y -9050mm Z 30785mm,219.1,3.76,,16.543,112275.5+-9239.5+30470+112724.7+-8860.5+30919.2,,80,A312_TP304L
 =30137/1702881,TUBI,X 112465mm Y -9589mm Z 30659mm,X 112465mm Y -9228mm Z 30659mm,X 112465mm Y -9950mm Z 30659mm,XG-212-200A_001/B2,219.1,3.76,   0.000   0.000   1.000,,,0,0,,14.567,112275.5+-9950+30469.9+112654.6+-9227.8+30849,,80,A312_TP304L
 =21945/2585990,UBOLT,X 112465mm Y -9730mm Z 30659mm,X 112465mm Y -9730mm Z 30659mm,X 112465mm Y -9730mm Z 30659mm,XG-212-200A_001/B2,0,0,   0.000   0.000   1.000,,,0,0,13,4.4877,112285+-9770+30451+112645+-9690+30870,BOX,80,
 =30137/1651530,TUBI,X 112465mm Y -10125mm Z 30659mm,X 112465mm Y -9950mm Z 30659mm,X 112465mm Y -10300mm Z 30659mm,XG-212-200A_001/B2,219.1,3.76,   0.000   0.000   1.000,,,0,0,,7.0598,112275.5+-10300+30469.9+112654.6+-9950+30849,,80,A312_TP304L
 =21945/793775,TUBI,X 113190mm Y -825mm Z 30659mm,X 113190mm Y -625mm Z 30659mm,X 113190mm Y -1025mm Z 30659mm,XG-211-200A_001/B1,219.1,3.76,   0.000   0.000   1.000,,,0,0,,8.0684,113080.5+-1025+30549.9+113299.6+-625+30769,,,A312_TP304L
 =21945/793776,TUBI,X 113190mm Y -2486mm Z 30659mm,X 113190mm Y -1025mm Z 30659mm,X 113190mm Y -3948mm Z 30659mm,XG-211-200A_001/B1,219.1,3.76,   0.000   0.000   1.000,,,0,0,,58.96,113080.5+-3948+30549.9+113299.6+-1025+30769,,,A312_TP304L
 =21945/2431668,UBOLT,X 113190mm Y -1538mm Z 30659mm,X 113190mm Y -1538mm Z 30659mm,X 113190mm Y -1538mm Z 30659mm,XG-211-200A_001/B1,0,0,   0.000   0.000   1.000,,,0,0,13,3.3,112929.5+-1562.5+30409+113450.5+-1512.5+30878,,80,
 =21945/2582754,TUBI,X 113190mm Y -5818mm Z 30659mm,X 113190mm Y -3950mm Z 30659mm,X 113190mm Y -7685mm Z 30659mm,XG-211-200A_001/B1,219.1,3.76,   0.000   0.000   1.000,,,0,0,,75.339,113000.5+-7685+30469.9+113379.6+-3950+30849,,80,A312_TP304L
 =21945/2431530,UBOLT,X 113190mm Y -4522mm Z 30659mm,X 113190mm Y -4522mm Z 30659mm,X 113190mm Y -4522mm Z 30659mm,XG-211-200A_001/B1,0,0,   0.000   0.000   1.000,,,0,0,13,3.3,112929.5+-4547.5+30409+113450.5+-4497.5+30878,,80,
 =21945/2341531,UBOLT,X 113190mm Y -7195mm Z 30659mm,X 113190mm Y -7195mm Z 30659mm,X 113190mm Y -7195mm Z 30659mm,XG-211-200A_001/B1,0,0,   0.000   0.000   1.000,,,0,0,13,10.23,112979.5+-7257.5+30450.9+113400.5+-7132.5+30869.9,BOX,80,
 =38329/60901,OLET,X 113190mm Y -7685mm Z 30659mm,X 113190mm Y -7685mm Z 30659mm,X 113190mm Y -7685mm Z 30796mm,XG-211-200A_001/B1,219.1,8.18,   0.000   1.000   0.000,,,33.4,3.38,,0.23,113163+-7712+30769+113217+-7658+30796,,80,A312_TP304L
 =38329/60901,TUBI,X 113190mm Y -8818mm Z 30659mm,X 113190mm Y -7685mm Z 30659mm,X 113190mm Y -9950mm Z 30659mm,XG-211-200A_001/B1,219.1,3.76,   0.000   0.000   1.000,,,0,0,,45.687,113000.5+-9950+30469.9+113379.6+-7685+30849,,80,A312_TP304L
 =21945/2586076,UBOLT,X 113190mm Y -9730mm Z 30659mm,X 113190mm Y -9730mm Z 30659mm,X 113190mm Y -9730mm Z 30659mm,XG-211-200A_001/B1,0,0,   0.000   0.000   1.000,,,0,0,13,4.4877,113010+-9770+30451+113370+-9690+30870,BOX,80,
 =30137/1651527,TUBI,X 113190mm Y -10125mm Z 30659mm,X 113190mm Y -9950mm Z 30659mm,X 113190mm Y -10300mm Z 30659mm,XG-211-200A_001/B1,219.1,3.76,   0.000   0.000   1.000,,,0,0,,7.0598,113000.5+-10300+30469.9+113379.6+-9950+30849,,80,A312_TP304L
 =21945/793778,TUBI,X 114415mm Y -825mm Z 30728mm,X 114415mm Y -625mm Z 30728mm,X 114415mm Y -1025mm Z 30728mm,XA-103-350A_002/B1,355.6,4.78,   0.000   0.000   1.000,,,0,0,,16.711,114157.2+-1025+30469.9+114672.8+-625+30985.5,,80,A312_TP304L
 =21945/793777,TUBI,X 114415mm Y -1466mm Z 30728mm,X 114415mm Y -1025mm Z 30728mm,X 114415mm Y -1907mm Z 30728mm,XA-103-350A_002/B1,355.6,4.78,   0.000   0.000   1.000,,,0,0,,36.832,114157.2+-1906.6+30469.9+114672.8+-1025+30985.5,,80,A312_TP304L
 =21945/2431572,UBOLT,X 114415mm Y -1500mm Z 30728mm,X 114415mm Y -1500mm Z 30728mm,X 114415mm Y -1500mm Z 30728mm,XA-103-350A_002/B1,0,0,   0.000   0.000   1.000,,,0,0,13,11.09,114136+-1562.5+30450.7+114694+-1437.5+31006.7,BOX,80,
 =21945/2582742,TUBI,X 114415mm Y -4797mm Z 30728mm,X 114415mm Y -1909mm Z 30728mm,X 114415mm Y -7685mm Z 30728mm,XA-103-350A_002/B1,355.6,4.78,   0.000   0.000   1.000,,,0,0,,241.32,114157.2+-7685+30469.9+114672.8+-1908.6+30985.5,,80,A312_TP304L
 =21945/2587674,UBOLT,X 114415mm Y -4485mm Z 30728mm,X 114415mm Y -4485mm Z 30728mm,X 114415mm Y -4485mm Z 30728mm,XA-103-350A_002/B1,0,0,   0.000   0.000   1.000,,,0,0,13,11.09,114136+-4547.5+30450.7+114694+-4422.5+31006.7,BOX,80,
 =21945/2341485,UBOLT,X 114415mm Y -7195mm Z 30728mm,X 114415mm Y -7195mm Z 30728mm,X 114415mm Y -7195mm Z 30728mm,XA-103-350A_002/B1,0,0,   0.000   0.000   1.000,,,0,0,13,11.09,114136+-7257.5+30450.7+114694+-7132.5+31006.7,BOX,80,
 =38329/60902,OLET,X 114415mm Y -7685mm Z 30728mm,X 114415mm Y -7685mm Z 30728mm,X 114620mm Y -7685mm Z 30728mm,XA-103-350A_002/B1,355.6,9.53,   0.000   1.000   0.000,,,33.4,3.38,,0.23,114592.8+-7712+30700.7+114619.8+-7658+30754.7,,80,A312_TP304L
 =38329/60902,TUBI,X 114415mm Y -7772mm Z 30728mm,X 114415mm Y -7685mm Z 30728mm,X 114415mm Y -7859mm Z 30728mm,XA-103-350A_002/B1,355.6,4.78,   1.000   0.000   0.000,,,0,0,,7.2535,114157.2+-7858.6+30469.9+114672.8+-7685+30985.5,,80,A312_TP304L
 =30137/296171,FLAN,X 114415mm Y -7986mm Z 30728mm,X 114415mm Y -7859mm Z 30728mm,X 114415mm Y -7986mm Z 30728mm,XA-103-350A_002/B1,355.6,4.78,   0.000   0.000   1.000,,,0,0,,51.75,114068.3+-7985.6+30381+114761.7+-7858.6+31074.4,,80,A312_TP304L
 =21945/2606112,ATTA,X 114415mm Y -8036mm Z 30728mm,X 114415mm Y -8036mm Z 30728mm,X 114415mm Y -8036mm Z 30728mm,XA-103-350A_002/B1,0,0,,,,0,0,,6.3297,114129.1+-8124.9+30271.1+114720.9+-7947.3+30692.1,,80,
 =30137/296169,VALV,X 114415mm Y -8036mm Z 30728mm,X 114415mm Y -7990mm Z 30728mm,X 114415mm Y -8082mm Z 30728mm,XA-103-350A_002/B1,0,0,,,,0,0,,150,113966+-8195.1+30424.7+114681.5+-7477.1+31781.7,,80,
 =30137/296167,FLAN,X 114415mm Y -8087mm Z 30728mm,X 114415mm Y -8214mm Z 30728mm,X 114415mm Y -8087mm Z 30728mm,XA-103-350A_002/B1,355.6,4.78,   0.000   0.000   1.000,,,0,0,,51.75,114068.3+-8213.6+30381+114761.7+-8086.6+31074.4,,80,A312_TP304L
 =30137/1702827,TUBI,X 114415mm Y -8309mm Z 30728mm,X 114415mm Y -8214mm Z 30728mm,X 114415mm Y -8405mm Z 30728mm,XA-103-350A_002/B1,355.6,4.78,   0.000   0.000   1.000,,,0,0,,7.9954,114157.2+-8405+30469.9+114672.8+-8213.6+30985.5,,80,A312_TP304L
 =21945/708525,OLET,X 114415mm Y -8405mm Z 30728mm,X 114415mm Y -8405mm Z 30728mm,X 114415mm Y -8405mm Z 30932mm,XA-103-350A_002/B1,355.6,9.53,   0.000  -1.000   0.000,,,33.4,3.38,,0.23,114388+-8432+30905.5+114442+-8378+30932.5,,80,A312_TP304L
 =21945/708525,TUBI,X 114415mm Y -8819mm Z 30728mm,X 114415mm Y -8405mm Z 30728mm,X 114415mm Y -9233mm Z 30728mm,XA-103-350A_002/B1,355.6,4.78,   0.000   0.000   1.000,,,0,0,,34.6,114157.2+-9233.2+30469.9+114672.8+-8405+30985.5,,80,A312_TP304L
 =30137/209989,ELBO,X 114415mm Y -9767mm Z 30728mm,X 114948mm Y -9767mm Z 30728mm,X 114415mm Y -9233mm Z 30728mm,XA-103-350A_002/B1,355.6,4.78,   0.000   0.000  -1.000,X 114783mm Y -9741mm Z 30728mm+X 114634mm Y -9665mm Z 30728mm+X 114516mm Y -9547mm Z 30728mm+X 114441mm Y -9398mm Z 30728mm,,0,0,,34.6,114157.2+-10024.4+30469.9+114948.4+-9233.2+30985.5,,80,A312_TP304L
 =30137/1702828,TUBI,X 115215mm Y -9767mm Z 30728mm,X 114948mm Y -9767mm Z 30728mm,X 115482mm Y -9767mm Z 30728mm,XA-103-350A_002/B1,355.6,4.78,   0.000   0.000   1.000,,,0,0,,22.275,114948.4+-10024.4+30469.9+115481.6+-9508.8+30985.5,,80,A312_TP304L
 =21945/2587495,UBOLT,X 115235mm Y -9767mm Z 30728mm,X 115235mm Y -9767mm Z 30728mm,X 115235mm Y -9767mm Z 30728mm,XA-103-350A_002/B1,0,0,   0.000   0.000   1.000,,,0,0,23,7.6029,115172.5+-9961.6+30450.7+115297.5+-9571.6+31006.7,BOX,80,
 =30137/1650841,TUBI,X 115532mm Y -9767mm Z 30728mm,X 115482mm Y -9767mm Z 30728mm,X 115582mm Y -9767mm Z 30728mm,XA-103-350A_002/B1,355.6,4.78,   0.000   0.000   1.000,,,0,0,,4.1777,115481.6+-10024.4+30469.9+115581.6+-9508.8+30985.5,,80,A312_TP304L
 =30137/209988,ELBO,X 116115mm Y -9767mm Z 30728mm,X 116115mm Y -10300mm Z 30728mm,X 115582mm Y -9767mm Z 30728mm,XA-103-350A_002/B1,355.6,4.78,   0.000   0.000   1.000,X 116089mm Y -10135mm Z 30728mm+X 116013mm Y -9986mm Z 30728mm+X 115895mm Y -9868mm Z 30728mm+X 115746mm Y -9793mm Z 30728mm,,0,0,,34.6,115581.6+-10300+30469.9+116372.8+-9508.8+30985.5,,80,A312_TP304L
 =30137/1702830,TUBI,X 116115mm Y -10391mm Z 30728mm,X 116115mm Y -10300mm Z 30728mm,X 116115mm Y -10482mm Z 30728mm,XA-103-350A_002/B1,355.6,4.78,   0.000   0.000   1.000,,,0,0,,7.5998,115857.2+-10481.9+30469.9+116372.8+-10300+30985.5,,80,A312_TP304L
 =21945/793779,TUBI,X 115565mm Y -825mm Z 30728mm,X 115565mm Y -625mm Z 30728mm,X 115565mm Y -1025mm Z 30728mm,XA-103-350A_004/B1,355.6,4.78,   0.000   0.000   1.000,,,0,0,,16.711,115307.2+-1025+30469.9+115822.8+-625+30985.5,,80,A312_TP304L
 =21945/793780,TUBI,X 115565mm Y -3498mm Z 30728mm,X 115565mm Y -1025mm Z 30728mm,X 115565mm Y -5971mm Z 30728mm,XA-103-350A_004/B1,355.6,4.78,   0.000   0.000   1.000,,,0,0,,206.61,115307.2+-5970.6+30469.9+115822.8+-1025+30985.5,,80,A312_TP304L
 =21945/2431618,UBOLT,X 115565mm Y -1500mm Z 30728mm,X 115565mm Y -1500mm Z 30728mm,X 115565mm Y -1500mm Z 30728mm,XA-103-350A_004/B1,0,0,   0.000   0.000   1.000,,,0,0,13,11.09,115286+-1562.5+30450.7+115844+-1437.5+31006.7,BOX,80,
 =21945/2587628,UBOLT,X 115565mm Y -4485mm Z 30728mm,X 115565mm Y -4485mm Z 30728mm,X 115565mm Y -4485mm Z 30728mm,XA-103-350A_004/B1,0,0,   0.000   0.000   1.000,,,0,0,13,11.09,115286+-4547.5+30450.7+115844+-4422.5+31006.7,BOX,80,
 =30137/213148,TEE,X 115565mm Y -6250mm Z 30728mm,X 115565mm Y -6529mm Z 30728mm,X 115565mm Y -5971mm Z 30728mm,XA-103-350A_004/B1,355.6,4.78,   1.000   0.000   0.000,,X 115565mm Y -6250mm Z 31007mm,355.6,4.78,,53.5,115387.2+-6529.4+30549.9+115742.8+-5970.6+31007.1,,80,A312_TP304L
 =30137/1702847,TUBI,X 115565mm Y -7107mm Z 30728mm,X 115565mm Y -6529mm Z 30728mm,X 115565mm Y -7685mm Z 30728mm,XA-103-350A_004/B1,355.6,4.78,   0.000   0.000   1.000,,,0,0,,48.278,115307.2+-7685+30469.9+115822.8+-6529.4+30985.5,,80,A312_TP304L
 =21945/2341439,UBOLT,X 115565mm Y -7195mm Z 30728mm,X 115565mm Y -7195mm Z 30728mm,X 115565mm Y -7195mm Z 30728mm,XA-103-350A_004/B1,0,0,   0.000   0.000   1.000,,,0,0,13,11.09,115286+-7257.5+30450.7+115844+-7132.5+31006.7,BOX,80,
 =38329/60903,OLET,X 115565mm Y -7685mm Z 30728mm,X 115565mm Y -7685mm Z 30728mm,X 115770mm Y -7685mm Z 30728mm,XA-103-350A_004/B1,355.6,9.53,   0.000   1.000   0.000,,,33.4,3.38,,0.23,115742.8+-7712+30700.7+115769.8+-7658+30754.7,,80,A312_TP304L
 =38329/60903,TUBI,X 115565mm Y -7772mm Z 30728mm,X 115565mm Y -7685mm Z 30728mm,X 115565mm Y -7859mm Z 30728mm,XA-103-350A_004/B1,355.6,4.78,   1.000   0.000   0.000,,,0,0,,7.2535,115307.2+-7858.6+30469.9+115822.8+-7685+30985.5,,80,A312_TP304L
 =30137/296176,FLAN,X 115565mm Y -7986mm Z 30728mm,X 115565mm Y -7859mm Z 30728mm,X 115565mm Y -7986mm Z 30728mm,XA-103-350A_004/B1,355.6,4.78,   0.000   0.000   1.000,,,0,0,,51.75,115218.3+-7985.6+30381+115911.7+-7858.6+31074.4,,80,A312_TP304L
 =21945/2606113,ATTA,X 115565mm Y -8036mm Z 30728mm,X 115565mm Y -8036mm Z 30728mm,X 115565mm Y -8036mm Z 30728mm,XA-103-350A_004/B1,0,0,,,,0,0,,6.3297,115279.1+-8124.9+30271.1+115870.9+-7947.3+30692.1,,80,
 =30137/296174,VALV,X 115565mm Y -8036mm Z 30728mm,X 115565mm Y -7990mm Z 30728mm,X 115565mm Y -8082mm Z 30728mm,XA-103-350A_004/B1,0,0,,,,0,0,,150,115116+-8195.1+30424.7+115831.5+-7477.1+31781.7,,80,
 =30137/296172,FLAN,X 115565mm Y -8087mm Z 30728mm,X 115565mm Y -8214mm Z 30728mm,X 115565mm Y -8087mm Z 30728mm,XA-103-350A_004/B1,355.6,4.78,   0.000   0.000   1.000,,,0,0,,51.75,115218.3+-8213.6+30381+115911.7+-8086.6+31074.4,,80,A312_TP304L
 =30137/1702850,TUBI,X 115565mm Y -8317mm Z 30728mm,X 115565mm Y -8214mm Z 30728mm,X 115565mm Y -8420mm Z 30728mm,XA-103-350A_004/B1,355.6,4.78,   0.000   0.000   1.000,,,0,0,,8.6221,115307.2+-8420+30469.9+115822.8+-8213.6+30985.5,,80,A312_TP304L
 =21945/708526,OLET,X 115565mm Y -8420mm Z 30728mm,X 115565mm Y -8420mm Z 30728mm,X 115565mm Y -8420mm Z 30932mm,XA-103-350A_004/B1,355.6,9.53,   0.000  -1.000   0.000,,,33.4,3.38,,0.23,115538+-8447+30905.5+115592+-8393+30932.5,,80,A312_TP304L
 =21945/708526,TUBI,X 115565mm Y -8468mm Z 30728mm,X 115565mm Y -8420mm Z 30728mm,X 115565mm Y -8517mm Z 30728mm,XA-103-350A_004/B1,355.6,4.78,   0.000   0.000   1.000,,,0,0,,4.0357,115307.2+-8516.6+30469.9+115822.8+-8420+30985.5,,80,A312_TP304L
 =30137/209997,ELBO,X 115565mm Y -9050mm Z 30728mm,X 116098mm Y -9050mm Z 30728mm,X 115565mm Y -8517mm Z 30728mm,XA-103-350A_004/B1,355.6,4.78,   0.000   0.000  -1.000,X 115933mm Y -9024mm Z 30728mm+X 115784mm Y -8948mm Z 30728mm+X 115666mm Y -8830mm Z 30728mm+X 115591mm Y -8681mm Z 30728mm,,0,0,,34.6,115307.2+-9307.8+30469.9+116098.4+-8516.6+30985.5,,80,A312_TP304L
 =30137/1702851,TUBI,X 116965mm Y -9050mm Z 30728mm,X 116098mm Y -9050mm Z 30728mm,X 117832mm Y -9050mm Z 30728mm,XA-103-350A_004/B1,355.6,4.78,   0.000   0.000   1.000,,,0,0,,72.408,116098.4+-9307.8+30469.9+117831.6+-8792.2+30985.5,,80,A312_TP304L
 =21945/2401968,UBOLT,X 116435mm Y -9050mm Z 30728mm,X 116435mm Y -9050mm Z 30728mm,X 116435mm Y -9050mm Z 30728mm,XA-103-350A_004/B1,0,0,   0.000   0.000   1.000,,,0,0,3,10.5,116400+-9405.5+30396.7+116470+-8694.5+31024.7,,80,
 =30137/209996,ELBO,X 118365mm Y -9050mm Z 30728mm,X 118365mm Y -9583mm Z 30728mm,X 117832mm Y -9050mm Z 30728mm,XA-103-350A_004/B1,355.6,4.78,   0.000   0.000   1.000,X 118339mm Y -9418mm Z 30728mm+X 118263mm Y -9269mm Z 30728mm+X 118145mm Y -9151mm Z 30728mm+X 117996mm Y -9076mm Z 30728mm,,0,0,,34.6,117831.6+-9583.4+30469.9+118622.8+-8792.2+30985.5,,80,A312_TP304L
 =30137/1702853,TUBI,X 118365mm Y -9767mm Z 30728mm,X 118365mm Y -9583mm Z 30728mm,X 118365mm Y -9950mm Z 30728mm,XA-103-350A_004/B1,355.6,4.78,   0.000   0.000   1.000,,,0,0,,15.315,118107.2+-9950+30469.9+118622.8+-9583.4+30985.5,,80,A312_TP304L
 =21945/2587458,UBOLT,X 118365mm Y -9730mm Z 30728mm,X 118365mm Y -9730mm Z 30728mm,X 118365mm Y -9730mm Z 30728mm,XA-103-350A_004/B1,0,0,   0.000   0.000   1.000,,,0,0,13,4.8645,118170+-9770+30450.7+118560+-9690+31006.7,BOX,80,
 =30137/1651524,TUBI,X 118365mm Y -10125mm Z 30728mm,X 118365mm Y -9950mm Z 30728mm,X 118365mm Y -10300mm Z 30728mm,XA-103-350A_004/B1,355.6,4.78,   0.000   0.000   1.000,,,0,0,,14.622,118107.2+-10300+30469.9+118622.8+-9950+30985.5,,80,A312_TP304L
 =30137/1702885,TUBI,X 112652mm Y -9050mm Z 30846mm,X 112591mm Y -9050mm Z 30785mm,X 112712mm Y -9050mm Z 30907mm,XG-212-200A_001/B3,219.1,3.76,  -0.707   0.000   0.707,,,0,0,,3.4734,112456.7+-9239.6+30651.1+112846.5+-8860.5+31041,,80,A312_TP304L
 =21945/2582756,TUBI,X 112898mm Y -9050mm Z 31093mm,X 112712mm Y -9050mm Z 30907mm,X 113084mm Y -9050mm Z 31279mm,XG-212-200A_001/B3,219.1,3.76,  -0.707   0.000   0.707,,,0,0,,10.606,112578.5+-9239.6+30772.9+113218.3+-8860.5+31412.8,,80,A312_TP304L
 =30137/211017,ELBO,X 113174mm Y -9050mm Z 31368mm,X 113084mm Y -9050mm Z 31279mm,X 113300mm Y -9050mm Z 31368mm,XG-212-200A_001/B3,219.1,3.76,   0.000   1.000   0.000,X 113120mm Y -9050mm Z 31310mm+X 113161mm Y -9050mm Z 31335mm+X 113205mm Y -9050mm Z 31353mm+X 113252mm Y -9050mm Z 31365mm,,0,0,,5.01,112950.3+-9239.5+31144.7+113299.8+-8860.5+31557.5,,80,A312_TP304L
 =30137/1702886,TUBI,X 116295mm Y -9050mm Z 31368mm,X 113300mm Y -9050mm Z 31368mm,X 119290mm Y -9050mm Z 31368mm,XG-212-200A_001/B3,219.1,3.76,   0.000   0.000   1.000,,,0,0,,120.83,113299.8+-9239.6+31178.4+119290+-8860.5+31557.5,,80,A312_TP304L
 =21945/2402054,UBOLT,X 113545mm Y -9050mm Z 31368mm,X 113545mm Y -9050mm Z 31368mm,X 113545mm Y -9050mm Z 31368mm,XG-212-200A_001/B3,0,0,   0.000   0.000   1.000,,,0,0,3,3.5,113520+-9325+31117.5+113570+-8775+31586.5,,80,
 =21945/2687577,UBOLT,X 115022mm Y -9050mm Z 31368mm,X 115022mm Y -9050mm Z 31368mm,X 115022mm Y -9050mm Z 31368mm,XG-212-200A_001/B3,0,0,   0.000   0.000   1.000,,,0,0,3,3.5,114997.5+-9325+31117.5+115047.5+-8775+31586.5,,80,
 =21945/2402002,UBOLT,X 118885mm Y -9050mm Z 31368mm,X 118885mm Y -9050mm Z 31368mm,X 118885mm Y -9050mm Z 31368mm,XG-212-200A_001/B3,0,0,   0.000   0.000   1.000,,,0,0,3,3.5,118860+-9325+31117.6+118910+-8775+31586.6,,80,
 =21945/2582761,TUBI,X 119535mm Y -9050mm Z 31368mm,X 119290mm Y -9050mm Z 31368mm,X 119780mm Y -9050mm Z 31368mm,XG-212-200A_001/B3,219.1,3.76,   0.000   0.000   1.000,,,0,0,,9.8881,119290+-9239.6+31178.5+119780.2+-8860.5+31557.6,,80,A312_TP304L
 =30137/211018,ELBO,X 119906mm Y -9050mm Z 31368mm,X 119780mm Y -9050mm Z 31368mm,X 119996mm Y -9050mm Z 31279mm,XG-212-200A_001/B3,219.1,3.76,   0.000   1.000   0.000,X 119828mm Y -9050mm Z 31364mm+X 119874mm Y -9050mm Z 31353mm+X 119918mm Y -9050mm Z 31335mm+X 119959mm Y -9050mm Z 31310mm,,0,0,,5.01,119780.2+-9239.5+31144.7+120129.7+-8860.5+31557.5,,80,A312_TP304L
 =30137/1702888,TUBI,X 120198mm Y -9050mm Z 31077mm,X 119996mm Y -9050mm Z 31279mm,X 120399mm Y -9050mm Z 30875mm,XG-212-200A_001/B3,219.1,3.76,   0.707   0.000   0.707,,,0,0,,11.517,119861.7+-9239.6+30740.9+120533.5+-8860.5+31412.8,,80,A312_TP304L
 =21945/2401964,ELBO,X 120615mm Y -9050mm Z 30659mm,X 120399mm Y -9050mm Z 30875mm,X 120615mm Y -9355mm Z 30659mm,XG-212-200A_001/B3,219.1,3.76,  -0.707   0.000  -0.707,X 120466mm Y -9065mm Z 30808mm+X 120526mm Y -9108mm Z 30748mm+X 120573mm Y -9176mm Z 30701mm+X 120604mm Y -9261mm Z 30670mm,,0,0,,9.55,120265.5+-9354.8+30391.5+120883+-8860.5+31009,,80,A312_TP304L
 =30137/1702890,TUBI,X 120615mm Y -9652mm Z 30659mm,X 120615mm Y -9355mm Z 30659mm,X 120615mm Y -9950mm Z 30659mm,XG-212-200A_001/B3,219.1,3.76,   0.000   0.000   1.000,,,0,0,,12.006,120425.5+-9950+30469.9+120804.6+-9354.8+30849,,80,A312_TP304L
 =21945/2585948,UBOLT,X 120615mm Y -9730mm Z 30659mm,X 120615mm Y -9730mm Z 30659mm,X 120615mm Y -9730mm Z 30659mm,XG-212-200A_001/B3,0,0,   0.000   0.000   1.000,,,0,0,13,4.4877,120435+-9770+30451+120795+-9690+30870,BOX,80,
 =30137/1651521,TUBI,X 120615mm Y -10125mm Z 30659mm,X 120615mm Y -9950mm Z 30659mm,X 120615mm Y -10300mm Z 30659mm,XG-212-200A_001/B3,219.1,3.76,   0.000   0.000   1.000,,,0,0,,7.0598,120425.5+-10300+30469.9+120804.6+-9950+30849,,80,A312_TP304L
 =21945/819689,TUBI,X 114590mm Y -6250mm Z 31849mm,X 114590mm Y -6250mm Z 31745mm,X 114590mm Y -6250mm Z 31952mm,XA-103-25A_004/B4,33.4,3.38,   0.000   1.000   0.000,,,0,0,,0.5235,114533.3+-6306.7+31745.3+114646.7+-6193.3+31952.4,,40,A312_TP304L
 =21945/819690,ELBO,X 114590mm Y -6250mm Z 31990mm,X 114590mm Y -6250mm Z 31952mm,X 114628mm Y -6250mm Z 31990mm,XA-103-25A_004/B4,33.4,3.38,   0.000   1.000   0.000,X 114601mm Y -6250mm Z 31979mm,,0,0,,0.15,114533.2+-6306.8+31933.7+114646.8+-6193.2+32047.3,,40,A312_TP304L
 =30137/1702868,TUBI,X 114834mm Y -6250mm Z 31990mm,X 114628mm Y -6250mm Z 31990mm,X 115040mm Y -6250mm Z 31990mm,XA-103-25A_004/B4,33.4,3.38,   0.000   0.000   1.000,,,0,0,,1.0403,114628.1+-6306.7+31933.8+115039.6+-6193.3+32047.2,,40,A312_TP304L
 =30137/1651933,UBOLT,X 114830mm Y -6250mm Z 31990mm,X 114830mm Y -6250mm Z 31990mm,X 114830mm Y -6250mm Z 31990mm,XA-103-25A_004/B4,0,0,   0.000   0.000   1.000,,,0,0,3,1.1,114810.5+-6397.5+31880+114850.5+-6102.5+32070,,40,
 =21945/819691,ELBO,X 115078mm Y -6250mm Z 31990mm,X 115040mm Y -6250mm Z 31990mm,X 115078mm Y -6250mm Z 32029mm,XA-103-25A_004/B4,33.4,3.38,   0.000  -1.000   0.000,X 115067mm Y -6250mm Z 32001mm,,0,0,,0.15,115020.9+-6306.8+31933.7+115134.5+-6193.2+32047.3,,40,A312_TP304L
 =21945/819692,FLAN,X 115078mm Y -6250mm Z 32084mm,X 115078mm Y -6250mm Z 32029mm,X 115078mm Y -6250mm Z 32084mm,XA-103-25A_004/B4,33.4,3.38,   1.000   0.000   0.000,,,0,0,,1.04,114983.7+-6344+32028.6+115171.7+-6156+32084,,40,A312_TP304L
 =21945/819694,VALV,X 115078mm Y -6250mm Z 32188mm,X 115078mm Y -6250mm Z 32088mm,X 115078mm Y -6350mm Z 32188mm,XA-103-25A_004/B4,0,0,,,,0,0,,6,115022.7+-6350+32088.5+115132.7+-6195+32596.5,,40,
 =87481/619,TUBI,X 110940mm Y -825mm Z 30478mm,X 110940mm Y -625mm Z 30478mm,X 110940mm Y -1025mm Z 30478mm,X5-603-25A_001/B1,33.4,3.38,   0.000   0.000   1.000,,,0,0,,1.0112,110923.3+-1025+30460.8+110956.7+-625+30494.2,,,A312_TP304L
 =87481/616,TUBI,X 110940mm Y -4025mm Z 30478mm,X 110940mm Y -1025mm Z 30478mm,X 110940mm Y -7025mm Z 30478mm,X5-603-25A_001/B1,33.4,3.38,   0.000   0.000   1.000,,,0,0,,15.168,110923.3+-7025+30460.8+110956.7+-1025+30494.2,,,A312_TP304L
 =21945/2687496,UBOLT,X 110940mm Y -1538mm Z 30478mm,X 110940mm Y -1538mm Z 30478mm,X 110940mm Y -1538mm Z 30478mm,X5-603-25A_001/B1,0,0,   0.000   0.000   1.000,,,0,0,3,0.3512,110901+-1557.5+30421.2+110979+-1517.5+30507.6,,,
 =21945/2687527,UBOLT,X 110940mm Y -2992mm Z 30478mm,X 110940mm Y -2992mm Z 30478mm,X 110940mm Y -2992mm Z 30478mm,X5-603-25A_001/B1,0,0,   0.000   0.000   1.000,,,0,0,3,0.3512,110901+-3012.5+30421.2+110979+-2972.5+30507.6,,,
 =21945/2687503,UBOLT,X 110940mm Y -4522mm Z 30478mm,X 110940mm Y -4522mm Z 30478mm,X 110940mm Y -4522mm Z 30478mm,X5-603-25A_001/B1,0,0,   0.000   0.000   1.000,,,0,0,3,0.3512,110901+-4542.5+30421.2+110979+-4502.5+30507.6,,,
 =21945/2687530,UBOLT,X 110940mm Y -5842mm Z 30478mm,X 110940mm Y -5842mm Z 30478mm,X 110940mm Y -5842mm Z 30478mm,X5-603-25A_001/B1,0,0,   0.000   0.000   1.000,,,0,0,3,0.3512,110901+-5862.5+30421.2+110979+-5822.5+30507.6,,,
 =21945/2582710,TUBI,X 110940mm Y -7819mm Z 30477mm,X 110940mm Y -7027mm Z 30478mm,X 110940mm Y -8612mm Z 30477mm,X5-603-25A_001/B1,33.4,3.38,   0.000   0.000   1.000,,,0,0,,4.0066,110923.3+-8611.9+30460.8+110956.7+-7027+30494.2,,,A312_TP304L
 =21945/2687506,UBOLT,X 110940mm Y -7232mm Z 30478mm,X 110940mm Y -7232mm Z 30478mm,X 110940mm Y -7232mm Z 30478mm,X5-603-25A_001/B1,0,0,   0.000   0.000   1.000,,,0,0,3,0.3512,110901+-7252.5+30421.2+110979+-7212.5+30507.6,,,
 =21945/2687519,UBOLT,X 110940mm Y -8455mm Z 30478mm,X 110940mm Y -8455mm Z 30478mm,X 110940mm Y -8455mm Z 30478mm,X5-603-25A_001/B1,0,0,   0.000   0.000   1.000,,,0,0,3,0.4823,110880.5+-8475+30423.2+110999.5+-8435+30506.3,,,
 =46521/3530,ELBO,X 110940mm Y -8650mm Z 30477mm,X 110940mm Y -8650mm Z 30439mm,X 110940mm Y -8612mm Z 30477mm,X5-603-25A_001/B1,33.4,3.38,  -1.000   0.000   0.000,X 110940mm Y -8639mm Z 30466mm,,0,0,,0.15,110923.2+-8666.8+30439.4+110956.8+-8611.9+30494.3,,,A312_TP304L
 =30137/1702750,TUBI,X 110940mm Y -8650mm Z 30189mm,X 110940mm Y -8650mm Z 30439mm,X 110940mm Y -8650mm Z 29938mm,X5-603-25A_001/B1,33.4,3.38,   0.000   1.000   0.000,,,0,0,,1.2673,110923.3+-8666.7+29938.1+110956.7+-8633.3+30439.4,,,A312_TP304L
 =21945/2687522,UBOLT,X 110940mm Y -8650mm Z 30046mm,X 110940mm Y -8650mm Z 30046mm,X 110940mm Y -8650mm Z 30046mm,X5-603-25A_001/B1,0,0,   0.000  -1.000   0.000,,,0,0,2,0.4823,110880.5+-8678.8+30025.7+110999.5+-8595.7+30065.7,,,
 =46521/3529,ELBO,X 110940mm Y -8650mm Z 29900mm,X 110940mm Y -8688mm Z 29900mm,X 110940mm Y -8650mm Z 29938mm,X5-603-25A_001/B1,33.4,3.38,   1.000   0.000   0.000,X 110940mm Y -8661mm Z 29911mm,,0,0,,0.15,110923.2+-8688.1+29883.2+110956.8+-8633.2+29938.1,,,A312_TP304L
 =30137/1702730,TUBI,X 110940mm Y -9365mm Z 29900mm,X 110940mm Y -8688mm Z 29900mm,X 110940mm Y -10042mm Z 29900mm,X5-603-25A_001/B1,33.4,3.38,   0.000   0.000   1.000,,,0,0,,3.4224,110923.3+-10041.9+29883.3+110956.7+-8688.1+29916.7,,,A312_TP304L
 =21945/2687548,UBOLT,X 110940mm Y -9640mm Z 29900mm,X 110940mm Y -9640mm Z 29900mm,X 110940mm Y -9640mm Z 29900mm,X5-603-25A_001/B1,0,0,   0.000   0.000  -1.000,,,0,0,3,0.3512,110901+-9660+29869.9+110979+-9620+29956.3,,,
 =21945/2687540,UBOLT,X 110940mm Y -9840mm Z 29900mm,X 110940mm Y -9840mm Z 29900mm,X 110940mm Y -9840mm Z 29900mm,X5-603-25A_001/B1,0,0,   0.000   0.000   1.000,,,0,0,3,0.4823,110880.5+-9860+29845.7+110999.5+-9820+29928.8,,,
 =54713/110531,ELBO,X 110940mm Y -10080mm Z 29900mm,X 110940mm Y -10042mm Z 29900mm,X 110902mm Y -10080mm Z 29900mm,X5-603-25A_001/B1,33.4,3.38,   0.000   0.000  -1.000,X 110929mm Y -10069mm Z 29900mm,,0,0,,0.15,110901.9+-10096.8+29883.2+110956.8+-10041.9+29916.8,,,A312_TP304L
 =30137/1702753,TUBI,X 110695mm Y -10080mm Z 29900mm,X 110902mm Y -10080mm Z 29900mm,X 110488mm Y -10080mm Z 29900mm,X5-603-25A_001/B1,33.4,3.38,   0.000   0.000   1.000,,,0,0,,1.0461,110488.1+-10096.7+29883.3+110901.9+-10063.3+29916.7,,,A312_TP304L
 =54713/110529,ELBO,X 110450mm Y -10080mm Z 29900mm,X 110488mm Y -10080mm Z 29900mm,X 110450mm Y -10118mm Z 29900mm,X5-603-25A_001/B1,33.4,3.38,   0.000   0.000   1.000,X 110461mm Y -10091mm Z 29900mm,,0,0,,0.15,110433.2+-10118.1+29883.2+110488.1+-10063.2+29916.8,,,A312_TP304L
 =30137/1702755,TUBI,X 110450mm Y -10249mm Z 29900mm,X 110450mm Y -10118mm Z 29900mm,X 110450mm Y -10380mm Z 29900mm,X5-603-25A_001/B1,33.4,3.38,   0.000   0.000   1.000,,,0,0,,0.6621,110433.3+-10380+29883.3+110466.7+-10118.1+29916.7,,,A312_TP304L
 =21945/2687539,UBOLT,X 110450mm Y -10240mm Z 29900mm,X 110450mm Y -10240mm Z 29900mm,X 110450mm Y -10240mm Z 29900mm,X5-603-25A_001/B1,0,0,   0.000   0.000   1.000,,,0,0,3,0.4823,110390.5+-10260+29845.7+110509.5+-10220+29928.8,,,
 =30137/1651536,TUBI,X 110450mm Y -10555mm Z 29900mm,X 110450mm Y -10380mm Z 29900mm,X 110450mm Y -10730mm Z 29900mm,X5-603-25A_001/B1,33.4,3.38,   0.000   0.000   1.000,,,0,0,,0.8848,110433.3+-10730+29883.3+110466.7+-10380+29916.7,,,A312_TP304L
 =87481/625,TUBI,X 111080mm Y -825mm Z 30478mm,X 111080mm Y -625mm Z 30478mm,X 111080mm Y -1025mm Z 30478mm,X5-602-25A_003/B1,33.4,3.38,   0.000   0.000   1.000,,,0,0,,1.0112,111063.3+-1025+30460.8+111096.7+-625+30494.2,,,A312_TP304L
 =87481/622,TUBI,X 111080mm Y -4025mm Z 30478mm,X 111080mm Y -1025mm Z 30478mm,X 111080mm Y -7025mm Z 30478mm,X5-602-25A_003/B1,33.4,3.38,   0.000   0.000   1.000,,,0,0,,15.168,111063.3+-7025+30460.8+111096.7+-1025+30494.2,,,A312_TP304L
 =21945/2687500,UBOLT,X 111080mm Y -1538mm Z 30478mm,X 111080mm Y -1538mm Z 30478mm,X 111080mm Y -1538mm Z 30478mm,X5-602-25A_003/B1,0,0,   0.000   0.000   1.000,,,0,0,3,0.3512,111041+-1557.5+30421.2+111119+-1517.5+30507.6,,,
 =21945/2687528,UBOLT,X 111080mm Y -2992mm Z 30478mm,X 111080mm Y -2992mm Z 30478mm,X 111080mm Y -2992mm Z 30478mm,X5-602-25A_003/B1,0,0,   0.000   0.000   1.000,,,0,0,3,0.3512,111041+-3012.5+30421.2+111119+-2972.5+30507.6,,,
 =21945/2687502,UBOLT,X 111080mm Y -4522mm Z 30478mm,X 111080mm Y -4522mm Z 30478mm,X 111080mm Y -4522mm Z 30478mm,X5-602-25A_003/B1,0,0,   0.000   0.000   1.000,,,0,0,3,0.3512,111041+-4542.5+30421.2+111119+-4502.5+30507.6,,,
 =21945/2687531,UBOLT,X 111080mm Y -5842mm Z 30478mm,X 111080mm Y -5842mm Z 30478mm,X 111080mm Y -5842mm Z 30478mm,X5-602-25A_003/B1,0,0,   0.000   0.000   1.000,,,0,0,3,0.3512,111041+-5862.5+30421.2+111119+-5822.5+30507.6,,,
 =21945/2582703,TUBI,X 111080mm Y -7819mm Z 30478mm,X 111080mm Y -7027mm Z 30478mm,X 111080mm Y -8612mm Z 30478mm,X5-602-25A_003/B1,33.4,3.38,   0.000   0.000   1.000,,,0,0,,4.0066,111063.3+-8611.9+30460.8+111096.7+-7027+30494.2,,,A312_TP304L
 =21945/2687507,UBOLT,X 111080mm Y -7232mm Z 30478mm,X 111080mm Y -7232mm Z 30478mm,X 111080mm Y -7232mm Z 30478mm,X5-602-25A_003/B1,0,0,   0.000   0.000   1.000,,,0,0,3,0.3512,111041+-7252.5+30421.2+111119+-7212.5+30507.6,,,
 =21945/2687520,UBOLT,X 111080mm Y -8455mm Z 30478mm,X 111080mm Y -8455mm Z 30478mm,X 111080mm Y -8455mm Z 30478mm,X5-602-25A_003/B1,0,0,   0.000   0.000   1.000,,,0,0,3,0.4823,111020.5+-8475+30423.2+111139.5+-8435+30506.3,,,
 =30137/277521,ELBO,X 111080mm Y -8650mm Z 30478mm,X 111080mm Y -8650mm Z 30439mm,X 111080mm Y -8612mm Z 30478mm,X5-602-25A_003/B1,33.4,3.38,  -1.000   0.000   0.000,X 111080mm Y -8639mm Z 30466mm,,0,0,,0.15,111063.2+-8666.8+30439.4+111096.8+-8611.9+30494.3,,,A312_TP304L
 =30137/1702743,TUBI,X 111080mm Y -8650mm Z 30189mm,X 111080mm Y -8650mm Z 30439mm,X 111080mm Y -8650mm Z 29938mm,X5-602-25A_003/B1,33.4,3.38,   0.000   1.000   0.000,,,0,0,,1.2673,111063.3+-8666.7+29938.1+111096.7+-8633.3+30439.4,,,A312_TP304L
 =21945/2687523,UBOLT,X 111080mm Y -8650mm Z 30046mm,X 111080mm Y -8650mm Z 30046mm,X 111080mm Y -8650mm Z 30046mm,X5-602-25A_003/B1,0,0,   0.000  -1.000   0.000,,,0,0,2,0.4823,111020.5+-8678.8+30025.7+111139.5+-8595.7+30065.7,,,
 =54713/110532,ELBO,X 111080mm Y -8650mm Z 29900mm,X 111080mm Y -8650mm Z 29938mm,X 111080mm Y -8688mm Z 29900mm,X5-602-25A_003/B1,33.4,3.38,  -1.000   0.000   0.000,X 111080mm Y -8661mm Z 29911mm,,0,0,,0.15,111063.2+-8688.1+29883.2+111096.8+-8633.2+29938.1,,,A312_TP304L
 =30137/1702732,TUBI,X 111080mm Y -9365mm Z 29900mm,X 111080mm Y -8688mm Z 29900mm,X 111080mm Y -10042mm Z 29900mm,X5-602-25A_003/B1,33.4,3.38,   0.000   0.000   1.000,,,0,0,,3.4224,111063.3+-10041.9+29883.3+111096.7+-8688.1+29916.7,,,A312_TP304L
 =21945/2687549,UBOLT,X 111080mm Y -9640mm Z 29900mm,X 111080mm Y -9640mm Z 29900mm,X 111080mm Y -9640mm Z 29900mm,X5-602-25A_003/B1,0,0,   0.000   0.000  -1.000,,,0,0,3,0.3512,111041+-9660+29869.9+111119+-9620+29956.3,,,
 =21945/2687541,UBOLT,X 111080mm Y -9840mm Z 29900mm,X 111080mm Y -9840mm Z 29900mm,X 111080mm Y -9840mm Z 29900mm,X5-602-25A_003/B1,0,0,   0.000   0.000   1.000,,,0,0,3,0.4823,111020.5+-9860+29845.7+111139.5+-9820+29928.8,,,
 =54713/110533,ELBO,X 111080mm Y -10080mm Z 29900mm,X 111080mm Y -10042mm Z 29900mm,X 111118mm Y -10080mm Z 29900mm,X5-602-25A_003/B1,33.4,3.38,   0.000   0.000   1.000,X 111091mm Y -10069mm Z 29900mm,,0,0,,0.15,111063.2+-10096.8+29883.2+111118.1+-10041.9+29916.8,,,A312_TP304L
 =21945/2582707,TUBI,X 113055mm Y -10080mm Z 29900mm,X 111118mm Y -10080mm Z 29900mm,X 114992mm Y -10080mm Z 29900mm,X5-602-25A_003/B1,33.4,3.38,   0.000   0.000   1.000,,,0,0,,9.793,111118.1+-10096.7+29883.3+114991.9+-10063.3+29916.7,,,A312_TP304L
 =21945/2687518,UBOLT,X 112090mm Y -10080mm Z 29900mm,X 112090mm Y -10080mm Z 29900mm,X 112090mm Y -10080mm Z 29900mm,X5-602-25A_003/B1,0,0,   0.000   0.000   1.000,,,0,0,3,0.3512,112070+-10119+29843.7+112110+-10041+29930.1,,,
 =21945/2687516,UBOLT,X 113585mm Y -10080mm Z 29900mm,X 113585mm Y -10080mm Z 29900mm,X 113585mm Y -10080mm Z 29900mm,X5-602-25A_003/B1,0,0,   0.000   0.000   1.000,,,0,0,3,0.3512,113565+-10119+29843.7+113605+-10041+29930.1,,,
 =54713/110534,ELBO,X 115030mm Y -10080mm Z 29900mm,X 114992mm Y -10080mm Z 29900mm,X 115030mm Y -10118mm Z 29900mm,X5-602-25A_003/B1,33.4,3.38,   0.000   0.000  -1.000,X 115019mm Y -10091mm Z 29900mm,,0,0,,0.15,114991.9+-10118.1+29883.2+115046.8+-10063.2+29916.8,,,A312_TP304L
 =30137/1702747,TUBI,X 115030mm Y -10249mm Z 29900mm,X 115030mm Y -10118mm Z 29900mm,X 115030mm Y -10380mm Z 29900mm,X5-602-25A_003/B1,33.4,3.38,   0.000   0.000   1.000,,,0,0,,0.6621,115013.3+-10380+29883.3+115046.7+-10118.1+29916.7,,,A312_TP304L
 =21945/2687513,UBOLT,X 115030mm Y -10237mm Z 29900mm,X 115030mm Y -10237mm Z 29900mm,X 115030mm Y -10237mm Z 29900mm,X5-602-25A_003/B1,0,0,   0.000   0.000   1.000,,,0,0,3,0.4823,114970.5+-10256.6+29845.7+115089.5+-10216.6+29928.8,,,
 =87481/712,TUBI,X 115030mm Y -10555mm Z 29900mm,X 115030mm Y -10380mm Z 29900mm,X 115030mm Y -10730mm Z 29900mm,X5-602-25A_003/B1,33.4,3.38,   0.000   0.000   1.000,,,0,0,,0.8848,115013.3+-10730+29883.3+115046.7+-10380+29916.7,,,A312_TP304L
 =21945/820193,TUBI,X 111080mm Y -825mm Z 30740mm,X 111080mm Y -625mm Z 30740mm,X 111080mm Y -1025mm Z 30740mm,X7-512-25A_005/B1,33.4,3.38,   0.000   0.000   1.000,,,0,0,,1.0112,111063.3+-1025+30723.3+111096.7+-625+30756.7,,,A312_TP304L
 =21945/820190,TUBI,X 111080mm Y -4012mm Z 30740mm,X 111080mm Y -1025mm Z 30740mm,X 111080mm Y -6998mm Z 30740mm,X7-512-25A_005/B1,33.4,3.38,   0.000   0.000   1.000,,,0,0,,15.1,111063.3+-6998.1+30723.3+111096.7+-1025+30756.7,,,A312_TP304L
 =21945/2687504,UBOLT,X 111080mm Y -1162mm Z 30740mm,X 111080mm Y -1162mm Z 30740mm,X 111080mm Y -1162mm Z 30740mm,X7-512-25A_005/B1,0,0,   0.000   0.000   1.000,,,0,0,3,0.3512,111041+-1182.5+30683.7+111119+-1142.5+30770.1,,,
 =21945/2687525,UBOLT,X 111080mm Y -2842mm Z 30740mm,X 111080mm Y -2842mm Z 30740mm,X 111080mm Y -2842mm Z 30740mm,X7-512-25A_005/B1,0,0,   0.000   0.000   1.000,,,0,0,3,0.3512,111041+-2862.5+30683.7+111119+-2822.5+30770.1,,,
 =21945/2687533,UBOLT,X 111080mm Y -4842mm Z 30740mm,X 111080mm Y -4842mm Z 30740mm,X 111080mm Y -4842mm Z 30740mm,X7-512-25A_005/B1,0,0,   0.000   0.000   1.000,,,0,0,3,0.3512,111041+-4862.5+30683.7+111119+-4822.5+30770.1,,,
 =21945/2687535,UBOLT,X 111080mm Y -6842mm Z 30740mm,X 111080mm Y -6842mm Z 30740mm,X 111080mm Y -6842mm Z 30740mm,X7-512-25A_005/B1,0,0,   0.000   0.000   1.000,,,0,0,3,0.3512,111041+-6862.5+30683.7+111119+-6822.5+30770.1,,,
 =21945/820165,TEE,X 111080mm Y -7036mm Z 30740mm,X 111080mm Y -7074mm Z 30740mm,X 111080mm Y -6998mm Z 30740mm,X7-512-25A_005/B1,33.4,3.38,   1.000   0.000   0.000,,X 111080mm Y -7036mm Z 30778mm,33.4,3.38,,0.79,111063.2+-7074.3+30723.2+111096.8+-6998.1+30778.1,,,A312_TP304L
 =30137/1702764,TUBI,X 111080mm Y -7368mm Z 30740mm,X 111080mm Y -7074mm Z 30740mm,X 111080mm Y -7662mm Z 30740mm,X7-512-25A_005/B1,33.4,3.38,   0.000   0.000   1.000,,,0,0,,1.4855,111063.3+-7661.9+30723.3+111096.7+-7074.3+30756.7,,,A312_TP304L
 =21945/820012,ELBO,X 111080mm Y -7700mm Z 30740mm,X 111042mm Y -7700mm Z 30740mm,X 111080mm Y -7662mm Z 30740mm,X7-512-25A_005/B1,33.4,3.38,   0.000   0.000   1.000,X 111069mm Y -7689mm Z 30740mm,,0,0,,0.15,111041.9+-7716.8+30723.2+111096.8+-7661.9+30756.8,,,A312_TP304L
 =30137/1702766,TUBI,X 110910mm Y -7700mm Z 30740mm,X 111042mm Y -7700mm Z 30740mm,X 110778mm Y -7700mm Z 30740mm,X7-512-25A_005/B1,33.4,3.38,   0.000   0.000   1.000,,,0,0,,0.6669,110778.1+-7716.7+30723.3+111041.9+-7683.3+30756.7,,,A312_TP304L
 =21945/820134,ELBO,X 110740mm Y -7700mm Z 30740mm,X 110740mm Y -7700mm Z 30778mm,X 110778mm Y -7700mm Z 30740mm,X7-512-25A_005/B1,33.4,3.38,   0.000  -1.000   0.000,X 110751mm Y -7700mm Z 30751mm,,0,0,,0.15,110723.2+-7716.8+30723.2+110778.1+-7683.2+30778.1,,,A312_TP304L
 =21945/2582723,TUBI,X 110740mm Y -7700mm Z 30865mm,X 110740mm Y -7700mm Z 30778mm,X 110740mm Y -7700mm Z 30953mm,X7-512-25A_005/B1,33.4,3.38,   0.000  -1.000   0.000,,,0,0,,0.4415,110723.3+-7716.7+30778.1+110756.7+-7683.3+30952.8,,,A312_TP304L
 =21945/819848,TEE,X 110740mm Y -7700mm Z 30991mm,X 110740mm Y -7700mm Z 30953mm,X 110740mm Y -7700mm Z 31029mm,X7-512-25A_005/B1,33.4,3.38,   0.000   1.000   0.000,,X 110778mm Y -7700mm Z 30991mm,33.4,3.38,,0.79,110723.2+-7716.8+30952.8+110778.1+-7683.2+31029,,,A312_TP304L
 =30137/1702769,TUBI,X 110740mm Y -7700mm Z 31211mm,X 110740mm Y -7700mm Z 31029mm,X 110740mm Y -7700mm Z 31392mm,X7-512-25A_005/B1,33.4,3.38,   0.000  -1.000   0.000,,,0,0,,0.9189,110723.3+-7716.7+31029+110756.7+-7683.3+31392.5,,,A312_TP304L
 =21945/2687587,UBOLT,X 110740mm Y -7700mm Z 31126mm,X 110740mm Y -7700mm Z 31126mm,X 110740mm Y -7700mm Z 31126mm,X7-512-25A_005/B1,0,0,   0.000  -1.000   0.000,,,0,0,2,0.3512,110701+-7730.1+31106+110779+-7643.7+31146,,,
 =21945/819283,ELBO,X 110740mm Y -7700mm Z 31431mm,X 110740mm Y -7700mm Z 31392mm,X 110740mm Y -7738mm Z 31431mm,X7-512-25A_005/B1,33.4,3.38,   1.000   0.000   0.000,X 110740mm Y -7711mm Z 31419mm,,0,0,,0.15,110723.2+-7738.1+31392.5+110756.8+-7683.2+31447.3,,,A312_TP304L
 =21945/819284,FLAN,X 110740mm Y -7793mm Z 31431mm,X 110740mm Y -7738mm Z 31431mm,X 110740mm Y -7793mm Z 31431mm,X7-512-25A_005/B1,33.4,3.38,   0.000   0.000   1.000,,,0,0,,1.04,110686+-7793.5+31376.6+110794+-7738.1+31484.5,,,A312_TP304L
 =87481/636,TUBI,X 111220mm Y -825mm Z 30478mm,X 111220mm Y -625mm Z 30478mm,X 111220mm Y -1025mm Z 30478mm,X5-601-25A_005/B1,33.4,3.38,   0.000   0.000   1.000,,,0,0,,1.0112,111203.3+-1025+30460.8+111236.7+-625+30494.2,,,A312_TP304L
 =87481/633,TUBI,X 111220mm Y -4025mm Z 30478mm,X 111220mm Y -1025mm Z 30478mm,X 111220mm Y -7025mm Z 30478mm,X5-601-25A_005/B1,33.4,3.38,   0.000   0.000   1.000,,,0,0,,15.168,111203.3+-7025+30460.8+111236.7+-1025+30494.2,,,A312_TP304L
 =21945/2687498,UBOLT,X 111220mm Y -1538mm Z 30478mm,X 111220mm Y -1538mm Z 30478mm,X 111220mm Y -1538mm Z 30478mm,X5-601-25A_005/B1,0,0,   0.000   0.000   1.000,,,0,0,3,0.3512,111181+-1557.5+30421.2+111259+-1517.5+30507.6,,,
 =21945/2687529,UBOLT,X 111220mm Y -2992mm Z 30478mm,X 111220mm Y -2992mm Z 30478mm,X 111220mm Y -2992mm Z 30478mm,X5-601-25A_005/B1,0,0,   0.000   0.000   1.000,,,0,0,3,0.3512,111181+-3012.5+30421.2+111259+-2972.5+30507.6,,,
 =21945/2687501,UBOLT,X 111220mm Y -4522mm Z 30478mm,X 111220mm Y -4522mm Z 30478mm,X 111220mm Y -4522mm Z 30478mm,X5-601-25A_005/B1,0,0,   0.000   0.000   1.000,,,0,0,3,0.3512,111181+-4542.5+30421.2+111259+-4502.5+30507.6,,,
 =21945/2687532,UBOLT,X 111220mm Y -5842mm Z 30478mm,X 111220mm Y -5842mm Z 30478mm,X 111220mm Y -5842mm Z 30478mm,X5-601-25A_005/B1,0,0,   0.000   0.000   1.000,,,0,0,3,0.3512,111181+-5862.5+30421.2+111259+-5822.5+30507.6,,,
 =21945/2582692,TUBI,X 111220mm Y -7819mm Z 30478mm,X 111220mm Y -7027mm Z 30478mm,X 111220mm Y -8612mm Z 30478mm,X5-601-25A_005/B1,33.4,3.38,   0.000   0.000   1.000,,,0,0,,4.0066,111203.3+-8611.9+30460.8+111236.7+-7027+30494.2,,,A312_TP304L
 =21945/2687508,UBOLT,X 111220mm Y -7232mm Z 30478mm,X 111220mm Y -7232mm Z 30478mm,X 111220mm Y -7232mm Z 30478mm,X5-601-25A_005/B1,0,0,   0.000   0.000   1.000,,,0,0,3,0.3512,111181+-7252.5+30421.2+111259+-7212.5+30507.6,,,
 =21945/2687521,UBOLT,X 111220mm Y -8455mm Z 30478mm,X 111220mm Y -8455mm Z 30478mm,X 111220mm Y -8455mm Z 30478mm,X5-601-25A_005/B1,0,0,   0.000   0.000   1.000,,,0,0,3,0.4823,111160.5+-8475+30423.2+111279.5+-8435+30506.3,,,
 =30137/277522,ELBO,X 111220mm Y -8650mm Z 30478mm,X 111220mm Y -8650mm Z 30439mm,X 111220mm Y -8612mm Z 30478mm,X5-601-25A_005/B1,33.4,3.38,  -1.000   0.000   0.000,X 111220mm Y -8639mm Z 30466mm,,0,0,,0.15,111203.2+-8666.8+30439.4+111236.8+-8611.9+30494.3,,,A312_TP304L
 =30137/1702736,TUBI,X 111220mm Y -8650mm Z 30189mm,X 111220mm Y -8650mm Z 30439mm,X 111220mm Y -8650mm Z 29938mm,X5-601-25A_005/B1,33.4,3.38,   0.000   1.000   0.000,,,0,0,,1.2673,111203.3+-8666.7+29938.1+111236.7+-8633.3+30439.4,,,A312_TP304L
 =21945/2687524,UBOLT,X 111220mm Y -8650mm Z 30046mm,X 111220mm Y -8650mm Z 30046mm,X 111220mm Y -8650mm Z 30046mm,X5-601-25A_005/B1,0,0,   0.000  -1.000   0.000,,,0,0,2,0.4823,111160.5+-8678.8+30025.7+111279.5+-8595.7+30065.7,,,
 =54713/110536,ELBO,X 111220mm Y -8650mm Z 29900mm,X 111220mm Y -8650mm Z 29938mm,X 111220mm Y -8688mm Z 29900mm,X5-601-25A_005/B1,33.4,3.38,  -1.000   0.000   0.000,X 111220mm Y -8661mm Z 29911mm,,0,0,,0.15,111203.2+-8688.1+29883.2+111236.8+-8633.2+29938.1,,,A312_TP304L
 =30137/1702734,TUBI,X 111220mm Y -9300mm Z 29900mm,X 111220mm Y -8688mm Z 29900mm,X 111220mm Y -9912mm Z 29900mm,X5-601-25A_005/B1,33.4,3.38,   0.000   0.000   1.000,,,0,0,,3.0938,111203.3+-9911.9+29883.3+111236.7+-8688.1+29916.7,,,A312_TP304L
 =21945/2687550,UBOLT,X 111220mm Y -9640mm Z 29900mm,X 111220mm Y -9640mm Z 29900mm,X 111220mm Y -9640mm Z 29900mm,X5-601-25A_005/B1,0,0,   0.000   0.000  -1.000,,,0,0,3,0.3512,111181+-9660+29869.9+111259+-9620+29956.3,,,
 =21945/2687542,UBOLT,X 111220mm Y -9840mm Z 29900mm,X 111220mm Y -9840mm Z 29900mm,X 111220mm Y -9840mm Z 29900mm,X5-601-25A_005/B1,0,0,   0.000   0.000   1.000,,,0,0,3,0.4823,111160.5+-9860+29845.7+111279.5+-9820+29928.8,,,
 =54713/110537,ELBO,X 111220mm Y -9950mm Z 29900mm,X 111220mm Y -9912mm Z 29900mm,X 111258mm Y -9950mm Z 29900mm,X5-601-25A_005/B1,33.4,3.38,   0.000   0.000   1.000,X 111231mm Y -9939mm Z 29900mm,,0,0,,0.15,111203.2+-9966.8+29883.2+111258.1+-9911.9+29916.8,,,A312_TP304L
 =21945/2582697,TUBI,X 114258mm Y -9950mm Z 29900mm,X 111258mm Y -9950mm Z 29900mm,X 117258mm Y -9950mm Z 29900mm,X5-601-25A_005/B1,33.4,3.38,   0.000   0.000   1.000,,,0,0,,15.168,111258.1+-9966.7+29883.3+117258.1+-9933.3+29916.7,,,A312_TP304L
 =21945/2687517,UBOLT,X 112090mm Y -9950mm Z 29900mm,X 112090mm Y -9950mm Z 29900mm,X 112090mm Y -9950mm Z 29900mm,X5-601-25A_005/B1,0,0,   0.000   0.000   1.000,,,0,0,3,0.3512,112070+-9989+29843.7+112110+-9911+29930.1,,,
 =21945/2687515,UBOLT,X 113585mm Y -9950mm Z 29900mm,X 113585mm Y -9950mm Z 29900mm,X 113585mm Y -9950mm Z 29900mm,X5-601-25A_005/B1,0,0,   0.000   0.000   1.000,,,0,0,3,0.3512,113565+-9989+29843.7+113605+-9911+29930.1,,,
 =21945/2687514,UBOLT,X 115275mm Y -9950mm Z 29900mm,X 115275mm Y -9950mm Z 29900mm,X 115275mm Y -9950mm Z 29900mm,X5-601-25A_005/B1,0,0,   0.000   0.000   1.000,,,0,0,3,0.3512,115255+-9989+29843.7+115295+-9911+29930.1,,,
 =21945/2687546,UBOLT,X 116525mm Y -9950mm Z 29900mm,X 116525mm Y -9950mm Z 29900mm,X 116525mm Y -9950mm Z 29900mm,X5-601-25A_005/B1,0,0,   0.000   0.000   1.000,,,0,0,3,0.3512,116505+-9989+29843.7+116545+-9911+29930.1,,,
 =21945/2582699,TUBI,X 118336mm Y -9950mm Z 29900mm,X 117260mm Y -9950mm Z 29900mm,X 119412mm Y -9950mm Z 29900mm,X5-601-25A_005/B1,33.4,3.38,   0.000   0.000   1.000,,,0,0,,5.4398,117260.1+-9966.7+29883.3+119411.9+-9933.3+29916.7,,,A312_TP304L
 =21945/2687511,UBOLT,X 117965mm Y -9950mm Z 29900mm,X 117965mm Y -9950mm Z 29900mm,X 117965mm Y -9950mm Z 29900mm,X5-601-25A_005/B1,0,0,   0.000   0.000   1.000,,,0,0,3,0.3512,117945+-9989+29843.7+117985+-9911+29930.1,,,
 =21945/2687512,UBOLT,X 118925mm Y -9950mm Z 29900mm,X 118925mm Y -9950mm Z 29900mm,X 118925mm Y -9950mm Z 29900mm,X5-601-25A_005/B1,0,0,   0.000   0.000   1.000,,,0,0,3,0.4823,118905+-10009.5+29845.7+118945+-9890.5+29928.8,,,
 =54713/110538,ELBO,X 119450mm Y -9950mm Z 29900mm,X 119412mm Y -9950mm Z 29900mm,X 119450mm Y -9988mm Z 29900mm,X5-601-25A_005/B1,33.4,3.38,   0.000   0.000  -1.000,X 119439mm Y -9961mm Z 29900mm,,0,0,,0.15,119411.9+-9988.1+29883.2+119466.8+-9933.2+29916.8,,,A312_TP304L
 =30137/1702740,TUBI,X 119450mm Y -10184mm Z 29900mm,X 119450mm Y -9988mm Z 29900mm,X 119450mm Y -10380mm Z 29900mm,X5-601-25A_005/B1,33.4,3.38,   0.000   0.000   1.000,,,0,0,,0.9907,119433.3+-10380+29883.3+119466.7+-9988.1+29916.7,,,A312_TP304L
 =21945/2687547,UBOLT,X 119450mm Y -10275mm Z 29900mm,X 119450mm Y -10275mm Z 29900mm,X 119450mm Y -10275mm Z 29900mm,X5-601-25A_005/B1,0,0,   0.000   0.000   1.000,,,0,0,3,0.4823,119390.5+-10295+29845.7+119509.5+-10255+29928.8,,,
 =87481/714,TUBI,X 119450mm Y -10555mm Z 29900mm,X 119450mm Y -10380mm Z 29900mm,X 119450mm Y -10730mm Z 29900mm,X5-601-25A_005/B1,33.4,3.38,   0.000   0.000   1.000,,,0,0,,0.8848,119433.3+-10730+29883.3+119466.7+-10380+29916.7,,,A312_TP304L
 =21945/2582718,TUBI,X 111080mm Y -7036mm Z 30890mm,X 111080mm Y -7036mm Z 30778mm,X 111080mm Y -7036mm Z 31002mm,X7-512-25A_005/B2,33.4,3.38,   0.000  -1.000   0.000,,,0,0,,0.5658,111063.3+-7052.9+30778.1+111096.7+-7019.5+31001.9,,,A312_TP304L
 =21945/820163,ELBO,X 111080mm Y -7036mm Z 31040mm,X 111118mm Y -7036mm Z 31040mm,X 111080mm Y -7036mm Z 31002mm,X7-512-25A_005/B2,33.4,3.38,   0.000  -1.000   0.000,X 111091mm Y -7036mm Z 31029mm,,0,0,,0.15,111063.2+-7053+31001.9+111118.1+-7019.4+31056.8,,,A312_TP304L
 =30137/1702773,TUBI,X 113079mm Y -7036mm Z 31040mm,X 111118mm Y -7036mm Z 31040mm,X 115040mm Y -7036mm Z 31040mm,X7-512-25A_005/B2,33.4,3.38,   0.000   0.000   1.000,,,0,0,,9.9136,111118.1+-7052.9+31023.3+115039.6+-7019.5+31056.7,,,A312_TP304L
 =21945/2687590,UBOLT,X 111280mm Y -7036mm Z 31040mm,X 111280mm Y -7036mm Z 31040mm,X 111280mm Y -7036mm Z 31040mm,X7-512-25A_005/B2,0,0,   0.000   0.000  -1.000,,,0,0,3,0.3512,111260+-7075.2+31009.9+111300+-6997.2+31096.3,,,
 =21945/2687591,UBOLT,X 113065mm Y -7036mm Z 31040mm,X 113065mm Y -7036mm Z 31040mm,X 113065mm Y -7036mm Z 31040mm,X7-512-25A_005/B2,0,0,   0.000   0.000  -1.000,,,0,0,3,0.3512,113045+-7075.2+31009.9+113085+-6997.2+31096.3,,,
 =21945/2687592,UBOLT,X 114910mm Y -7036mm Z 31040mm,X 114910mm Y -7036mm Z 31040mm,X 114910mm Y -7036mm Z 31040mm,X7-512-25A_005/B2,0,0,   0.000   0.000  -1.000,,,0,0,3,0.3512,114890+-7075.2+31009.9+114930+-6997.2+31096.3,,,
 =21945/820161,ELBO,X 115078mm Y -7036mm Z 31040mm,X 115078mm Y -6998mm Z 31040mm,X 115040mm Y -7036mm Z 31040mm,X7-512-25A_005/B2,33.4,3.38,   0.000   0.000  -1.000,X 115067mm Y -7025mm Z 31040mm,,0,0,,0.15,115039.6+-7053+31023.2+115094.5+-6998.1+31056.8,,,A312_TP304L
 =21945/2582721,TUBI,X 115078mm Y -6823mm Z 31040mm,X 115078mm Y -6998mm Z 31040mm,X 115078mm Y -6648mm Z 31040mm,X7-512-25A_005/B2,33.4,3.38,   0.000   0.000   1.000,,,0,0,,0.8848,115061+-6998.1+31023.3+115094.4+-6648.1+31056.7,,,A312_TP304L
 =21945/819607,ELBO,X 115078mm Y -6610mm Z 31040mm,X 115078mm Y -6610mm Z 31078mm,X 115078mm Y -6648mm Z 31040mm,X7-512-25A_005/B2,33.4,3.38,  -1.000   0.000   0.000,X 115078mm Y -6621mm Z 31051mm,,0,0,,0.15,115060.9+-6648.1+31023.2+115094.5+-6593.2+31078.1,,,A312_TP304L
 =30137/1702776,TUBI,X 115078mm Y -6610mm Z 31614mm,X 115078mm Y -6610mm Z 31078mm,X 115078mm Y -6610mm Z 32150mm,X7-512-25A_005/B2,33.4,3.38,   0.000  -1.000   0.000,,,0,0,,2.7107,115061+-6626.7+31078.1+115094.4+-6593.3+32150.4,,,A312_TP304L
 =21945/2687537,UBOLT,X 115078mm Y -6610mm Z 31182mm,X 115078mm Y -6610mm Z 31182mm,X 115078mm Y -6610mm Z 31182mm,X7-512-25A_005/B2,0,0,   1.000   0.000   0.000,,,0,0,1,0.4823,115023.4+-6669.5+31162+115106.5+-6550.5+31202,,,
 =21945/2687538,UBOLT,X 115078mm Y -6610mm Z 32032mm,X 115078mm Y -6610mm Z 32032mm,X 115078mm Y -6610mm Z 32032mm,X7-512-25A_005/B2,0,0,   1.000   0.000   0.000,,,0,0,1,0.4823,115023.4+-6669.5+32012+115106.5+-6550.5+32052,,,
 =21945/819606,ELBO,X 115078mm Y -6610mm Z 32188mm,X 115078mm Y -6572mm Z 32188mm,X 115078mm Y -6610mm Z 32150mm,X7-512-25A_005/B2,33.4,3.38,   1.000   0.000   0.000,X 115078mm Y -6599mm Z 32177mm,,0,0,,0.15,115060.9+-6626.8+32150.4+115094.5+-6571.9+32205.2,,,A312_TP304L
 =30137/1702778,TUBI,X 115078mm Y -6491mm Z 32188mm,X 115078mm Y -6572mm Z 32188mm,X 115078mm Y -6410mm Z 32188mm,X7-512-25A_005/B2,33.4,3.38,   0.000   0.000   1.000,,,0,0,,0.4096,115061+-6571.9+32171.8+115094.4+-6409.9+32205.2,,,A312_TP304L
 =30137/277559,FLAN,X 115078mm Y -6355mm Z 32188mm,X 115078mm Y -6410mm Z 32188mm,X 115078mm Y -6355mm Z 32188mm,X7-512-25A_005/B2,33.4,3.38,   0.000   0.000   1.000,,,0,0,,1.04,115023.7+-6409.9+32134.5+115131.7+-6354.5+32242.4,,,A312_TP304L
 =30137/1702802,TUBI,X 111991mm Y -6250mm Z 31003mm,X 111913mm Y -6250mm Z 30925mm,X 112069mm Y -6250mm Z 31081mm,XA-103-350A_001/B2,355.6,4.78,  -0.707   0.000   0.707,,,0,0,,9.216,111730.3+-6507.8+30743+112250.8+-5992.2+31263.5,,80,A312_TP304L
 =21945/795352,TUBI,X 112220mm Y -6250mm Z 31233mm,X 112069mm Y -6250mm Z 31081mm,X 112372mm Y -6250mm Z 31384mm,XA-103-350A_001/B2,355.6,4.78,  -0.707   0.000   0.707,,,0,0,,17.903,111886.3+-6507.8+30899+112553.9+-5992.2+31566.6,,80,A312_TP304L
 =30137/313728,ELBO,X 112528mm Y -6250mm Z 31541mm,X 112372mm Y -6250mm Z 31384mm,X 112749mm Y -6250mm Z 31541mm,XA-103-350A_001/B2,355.6,4.78,   0.000   1.000   0.000,X 112436mm Y -6250mm Z 31438mm+X 112507mm Y -6250mm Z 31482mm+X 112584mm Y -6250mm Z 31514mm+X 112666mm Y -6250mm Z 31534mm,,0,0,,17.57,112189.3+-6507.8+31202+112748.7+-5992.2+31798.3,,80,A312_TP304L
 =30137/1702803,TUBI,X 113343mm Y -6250mm Z 31541mm,X 112749mm Y -6250mm Z 31541mm,X 113938mm Y -6250mm Z 31540mm,XA-103-350A_001/B2,355.6,4.78,   0.000   0.000   1.000,,,0,0,,49.684,112748.7+-6507.8+31282.7+113938+-5992.2+31798.3,,80,A312_TP304L
 =21945/2587586,UBOLT,X 113545mm Y -6250mm Z 31541mm,X 113545mm Y -6250mm Z 31541mm,X 113545mm Y -6250mm Z 31541mm,XA-103-350A_001/B2,0,0,   0.000   0.000   1.000,,,0,0,23,7.6198,113482.5+-6445+31263.5+113607.5+-6055+31819.5,BOX,80,
 =21945/2178943,FLAN,X 114065mm Y -6250mm Z 31540mm,X 113938mm Y -6250mm Z 31540mm,X 114065mm Y -6250mm Z 31540mm,XA-103-350A_001/B2,355.6,4.78,   0.000   0.000   1.000,,,0,0,,51.75,113938+-6596.7+31193.8+114065+-5903.3+31887.2,,80,A312_TP304L
 =87481/685,FLAN,X 110800mm Y -630mm Z 30751mm,X 110800mm Y -637mm Z 30751mm,X 110800mm Y -630mm Z 30751mm,UL-588-65A_014/B1,76.3,5.2,   0.000   0.000   1.000,,,0,0,,2.6,110712.5+-648.3+30663.9+110887.5+-630+30838.9,,,STEEL
 =87481/685,TUBI,X 110800mm Y -3630mm Z 30751mm,X 110800mm Y -637mm Z 30751mm,X 110800mm Y -6623mm Z 30751mm,UL-588-65A_014/B1,76.3,5.2,   0.000   0.000   1.000,,,0,0,,54.592,110761.9+-6623+30713.3+110838.2+-637+30789.6,,,STEEL
 =21945/2433285,UBOLT,X 110800mm Y -1162mm Z 30751mm,X 110800mm Y -1162mm Z 30751mm,X 110800mm Y -1162mm Z 30751mm,UL-588-65A_014/B1,0,0,   0.000   0.000   1.000,,,0,0,13,0.193,110744.5+-1172+30686.8+110855.5+-1153+30803.4,,,
 =21945/2431752,UBOLT,X 110800mm Y -2842mm Z 30751mm,X 110800mm Y -2842mm Z 30751mm,X 110800mm Y -2842mm Z 30751mm,UL-588-65A_014/B1,0,0,   0.000   0.000   1.000,,,0,0,13,0.193,110744.5+-2852+30686.8+110855.5+-2833+30803.4,,,
 =21945/2431402,UBOLT,X 110800mm Y -4842mm Z 30751mm,X 110800mm Y -4842mm Z 30751mm,X 110800mm Y -4842mm Z 30751mm,UL-588-65A_014/B1,0,0,   0.000   0.000   1.000,,,0,0,13,0.193,110744.5+-4852+30686.8+110855.5+-4833+30803.4,,,
 =21945/2582686,FLAN,X 110800mm Y -6630mm Z 30751mm,X 110800mm Y -6623mm Z 30751mm,X 110800mm Y -6630mm Z 30751mm,UL-588-65A_014/B1,76.3,5.2,   0.000   0.000   1.000,,,0,0,,2.6,110712.5+-6630+30663.9+110887.5+-6611.8+30838.9,,,STEEL
 =21945/2582690,FLAN,X 110800mm Y -6632mm Z 30751mm,X 110800mm Y -6638mm Z 30751mm,X 110800mm Y -6632mm Z 30751mm,UL-588-65A_014/B1,76.3,5.2,   0.000   0.000   1.000,,,0,0,,2.6,110712.5+-6649.8+30663.9+110887.5+-6631.5+30838.9,,,STEEL
 =21945/2582690,TUBI,X 110800mm Y -6813mm Z 30751mm,X 110800mm Y -6638mm Z 30751mm,X 110800mm Y -6988mm Z 30751mm,UL-588-65A_014/B1,76.3,5.2,   0.000   0.000   1.000,,,0,0,,3.1908,110761.9+-6988.4+30713.3+110838.2+-6638.5+30789.6,,,STEEL
 =21945/2431181,UBOLT,X 110800mm Y -6842mm Z 30751mm,X 110800mm Y -6842mm Z 30751mm,X 110800mm Y -6842mm Z 30751mm,UL-588-65A_014/B1,0,0,   0.000   0.000   1.000,,,0,0,13,0.193,110744.5+-6852+30686.8+110855.5+-6833+30803.4,,,
 =21945/1727190,BEND,X 110800mm Y -7050mm Z 30751mm,X 110800mm Y -6988mm Z 30751mm,X 110769mm Y -7103mm Z 30751mm,UL-588-65A_014/B1,76.3,5.2,   0.000   0.000  -1.000,X 110797mm Y -7028mm Z 30751mm+X 110786mm Y -7067mm Z 30751mm,,0,0,,1.0983,110736.1+-7122.4+30713.3+110838.2+-6988.4+30789.6,,,STEEL
 =21945/1727190,TUBI,X 110702mm Y -7219mm Z 30751mm,X 110769mm Y -7103mm Z 30751mm,X 110636mm Y -7334mm Z 30751mm,UL-588-65A_014/B1,76.3,5.2,  -0.866   0.500   0.000,,,0,0,,2.4328,110602.8+-7353.5+30713.3+110802.2+-7084.3+30789.6,,,STEEL
 =21945/1727869,BEND,X 110605mm Y -7388mm Z 30751mm,X 110636mm Y -7334mm Z 30751mm,X 110605mm Y -7449mm Z 30751mm,UL-588-65A_014/B1,76.3,5.2,   0.000   0.000   1.000,X 110619mm Y -7370mm Z 30751mm+X 110609mm Y -7409mm Z 30751mm,,0,0,,1.0983,110566.8+-7449.4+30713.3+110668.9+-7315.3+30789.6,,,STEEL
 =21945/1727869,TUBI,X 110605mm Y -7689mm Z 30751mm,X 110605mm Y -7449mm Z 30751mm,X 110605mm Y -7928mm Z 30751mm,UL-588-65A_014/B1,76.3,5.2,   1.000   0.000   0.000,,,0,0,,4.365,110566.8+-7928+30713.3+110643.2+-7449.4+30789.6,,,STEEL
 =21945/79616,FLAN,X 110605mm Y -7935mm Z 30751mm,X 110605mm Y -7928mm Z 30751mm,X 110605mm Y -7935mm Z 30751mm,UL-588-65A_014/B1,76.3,5.2,   0.000   0.000   1.000,,,0,0,,2.6,110517.5+-7935+30663.9+110692.5+-7916.7+30838.9,,,STEEL
 =21945/195592,VALV,X 110605mm Y -8071mm Z 30751mm,X 110605mm Y -7936mm Z 30751mm,X 110605mm Y -8206mm Z 30751mm,UL-588-65A_014/B1,0,0,,,,0,0,,28.7,110475+-8206.5+30646.4+110735+-7936.5+31211.4,,,
 =21945/1716400,INST,X 110605mm Y -8208mm Z 30751mm,X 110605mm Y -8208mm Z 30751mm,X 110605mm Y -8218mm Z 30751mm,UL-588-65A_014/B1,0,0,,,,0,0,,0.73,110544.5+-8218+30690.9+110665.5+-8208+30853.9,,,STEEL
 =21945/195594,FLAN,X 110605mm Y -8219mm Z 30751mm,X 110605mm Y -8226mm Z 30751mm,X 110605mm Y -8219mm Z 30751mm,UL-588-65A_014/B1,76.3,5.2,   0.000   0.000   1.000,,,0,0,,2.6,110517.5+-8237.7+30663.9+110692.5+-8219.5+30838.9,,,STEEL
 =21945/195594,TUBI,X 110605mm Y -8406mm Z 30751mm,X 110605mm Y -8226mm Z 30751mm,X 110605mm Y -8586mm Z 30751mm,UL-588-65A_014/B1,76.3,5.2,   0.000   0.000   1.000,,,0,0,,3.2832,110566.9+-8586.5+30713.3+110643.2+-8226.5+30789.6,,,STEEL
 =21945/2403278,UBOLT,X 110605mm Y -8438mm Z 30751mm,X 110605mm Y -8438mm Z 30751mm,X 110605mm Y -8438mm Z 30751mm,UL-588-65A_014/B1,0,0,   0.000   0.000   1.000,,,0,0,13,0.193,110549.5+-8447+30686.8+110660.5+-8428+30803.4,,,
 =21945/1727870,ELBO,X 110605mm Y -8650mm Z 30751mm,X 110605mm Y -8586mm Z 30751mm,X 110605mm Y -8650mm Z 30688mm,UL-588-65A_014/B1,76.3,5.2,   1.000   0.000   0.000,X 110605mm Y -8618mm Z 30742mm+X 110605mm Y -8641mm Z 30719mm,,0,0,,0.91,110566.9+-8688.2+30688+110643.2+-8586.5+30789.6,,,STEEL
 =21945/1727870,TUBI,X 110605mm Y -8650mm Z 30494mm,X 110605mm Y -8650mm Z 30688mm,X 110605mm Y -8650mm Z 30300mm,UL-588-65A_014/B1,76.3,5.2,   0.000   1.000   0.000,,,0,0,,3.5381,110566.9+-8688.2+30300+110643.2+-8611.9+30688,,,STEEL
 =21945/1727872,BEND,X 110605mm Y -8650mm Z 30070mm,X 110605mm Y -8650mm Z 30300mm,X 110605mm Y -8880mm Z 30070mm,UL-588-65A_014/B1,76.3,5.2,  -1.000   0.000   0.000,X 110605mm Y -8681mm Z 30185mm+X 110605mm Y -8765mm Z 30101mm,,0,0,,3.2949,110566.9+-8880+30031.9+110643.2+-8611.9+30300,,,STEEL
 =21945/1727872,TUBI,X 110605mm Y -9801mm Z 30070mm,X 110605mm Y -8880mm Z 30070mm,X 110605mm Y -10722mm Z 30070mm,UL-588-65A_014/B1,76.3,5.2,   0.000   0.000   1.000,,,0,0,,16.794,110566.9+-10721.5+30031.9+110643.2+-8880+30108.2,,,STEEL
 =21945/2563270,UBOLT,X 110605mm Y -9615mm Z 30070mm,X 110605mm Y -9615mm Z 30070mm,X 110605mm Y -9615mm Z 30070mm,UL-588-65A_014/B1,0,0,   0.000   0.000  -1.000,,,0,0,13,0.2526,110549.5+-9624.5+30018+110660.5+-9605.5+30134.6,,,
 =21945/2449743,UBOLT,X 110605mm Y -10240mm Z 30070mm,X 110605mm Y -10240mm Z 30070mm,X 110605mm Y -10240mm Z 30070mm,UL-588-65A_014/B1,0,0,   0.000   0.000   1.000,,,0,0,13,0.193,110549.5+-10249.5+30005.4+110660.5+-10230.5+30122,,,
 =87481/1057,FLAN,X 110605mm Y -10728mm Z 30070mm,X 110605mm Y -10722mm Z 30070mm,X 110605mm Y -10728mm Z 30070mm,UL-588-65A_014/B1,76.3,5.2,   0.000   0.000   1.000,,,0,0,,2.6,110517.5+-10728.5+29982.5+110692.5+-10710.3+30157.5,,,STEEL
 =30137/1702806,TUBI,X 111973mm Y -7685mm Z 30728mm,X 111920mm Y -7685mm Z 30728mm,X 112027mm Y -7685mm Z 30728mm,XA-103-25A_001/B1,33.4,3.38,   0.000   0.000   1.000,,,0,0,,0.2707,111919.8+-7781.7+30631+112026.9+-7588.3+30824.4,,80,A312_TP304L
 =21945/2567978,ELBO,X 112065mm Y -7685mm Z 30728mm,X 112065mm Y -7685mm Z 30766mm,X 112027mm Y -7685mm Z 30728mm,XA-103-25A_001/B1,33.4,3.38,   0.000   1.000   0.000,X 112054mm Y -7685mm Z 30739mm,,0,0,,0.15,111968.2+-7781.8+30630.9+112161.8+-7588.2+30824.5,,80,A312_TP304L
 =30137/1702807,TUBI,X 112065mm Y -7685mm Z 30819mm,X 112065mm Y -7685mm Z 30766mm,X 112065mm Y -7685mm Z 30872mm,XA-103-25A_001/B1,33.4,3.38,   0.000  -1.000   0.000,,,0,0,,0.2693,111968.3+-7781.7+30765.8+112161.7+-7588.3+30872.3,,80,A312_TP304L
 =38329/60906,FLAN,X 112065mm Y -7685mm Z 30928mm,X 112065mm Y -7685mm Z 30872mm,X 112065mm Y -7685mm Z 30928mm,XA-103-25A_001/B1,33.4,3.38,   0.000  -1.000   0.000,,,0,0,,1.04,111931+-7819+30872.3+112199+-7551+30927.7,,80,A312_TP304L
 =21945/2519295,FLAN,X 112065mm Y -7685mm Z 30932mm,X 112065mm Y -7685mm Z 30932mm,X 112065mm Y -7685mm Z 30988mm,XA-103-25A_001/B1,33.4,3.38,   0.000  -1.000   0.000,,,0,0,,1.02,112011+-7739+30932.2+112119+-7631+30988.3,,,STEEL
 =30137/1702832,TUBI,X 114673mm Y -7685mm Z 30728mm,X 114620mm Y -7685mm Z 30728mm,X 114727mm Y -7685mm Z 30728mm,XA-103-25A_002/B1,33.4,3.38,   0.000   0.000   1.000,,,0,0,,0.2707,114619.8+-7781.7+30631+114726.9+-7588.3+30824.4,,80,A312_TP304L
 =21945/2567974,ELBO,X 114765mm Y -7685mm Z 30728mm,X 114765mm Y -7685mm Z 30766mm,X 114727mm Y -7685mm Z 30728mm,XA-103-25A_002/B1,33.4,3.38,   0.000   1.000   0.000,X 114754mm Y -7685mm Z 30739mm,,0,0,,0.15,114668.2+-7781.8+30630.9+114861.8+-7588.2+30824.5,,80,A312_TP304L
 =30137/1702833,TUBI,X 114765mm Y -7685mm Z 30819mm,X 114765mm Y -7685mm Z 30766mm,X 114765mm Y -7685mm Z 30872mm,XA-103-25A_002/B1,33.4,3.38,   0.000  -1.000   0.000,,,0,0,,0.2693,114668.3+-7781.7+30765.8+114861.7+-7588.3+30872.3,,80,A312_TP304L
 =38329/60913,FLAN,X 114765mm Y -7685mm Z 30928mm,X 114765mm Y -7685mm Z 30872mm,X 114765mm Y -7685mm Z 30928mm,XA-103-25A_002/B1,33.4,3.38,   0.000  -1.000   0.000,,,0,0,,1.04,114631+-7819+30872.3+114899+-7551+30927.7,,80,A312_TP304L
 =21945/2519290,FLAN,X 114765mm Y -7685mm Z 30932mm,X 114765mm Y -7685mm Z 30932mm,X 114765mm Y -7685mm Z 30988mm,XA-103-25A_002/B1,33.4,3.38,   0.000  -1.000   0.000,,,0,0,,1.02,114711+-7739+30932.2+114819+-7631+30988.3,,,STEEL
 =30137/1702857,TUBI,X 115823mm Y -7685mm Z 30728mm,X 115770mm Y -7685mm Z 30728mm,X 115877mm Y -7685mm Z 30728mm,XA-103-25A_004/B1,33.4,3.38,   0.000   0.000   1.000,,,0,0,,0.2707,115769.8+-7741.7+30671+115876.9+-7628.3+30784.4,,40,A312_TP304L
 =21945/2567970,ELBO,X 115915mm Y -7685mm Z 30728mm,X 115915mm Y -7685mm Z 30766mm,X 115877mm Y -7685mm Z 30728mm,XA-103-25A_004/B1,33.4,3.38,   0.000   1.000   0.000,X 115904mm Y -7685mm Z 30739mm,,0,0,,0.15,115858.2+-7741.8+30670.9+115971.8+-7628.2+30784.5,,40,A312_TP304L
 =30137/1702858,TUBI,X 115915mm Y -7685mm Z 30819mm,X 115915mm Y -7685mm Z 30766mm,X 115915mm Y -7685mm Z 30872mm,XA-103-25A_004/B1,33.4,3.38,   0.000  -1.000   0.000,,,0,0,,0.2693,115858.3+-7741.7+30765.8+115971.7+-7628.3+30872.3,,40,A312_TP304L
 =38329/60916,FLAN,X 115915mm Y -7685mm Z 30928mm,X 115915mm Y -7685mm Z 30872mm,X 115915mm Y -7685mm Z 30928mm,XA-103-25A_004/B1,33.4,3.38,   0.000  -1.000   0.000,,,0,0,,1.04,115821+-7779+30872.3+116009+-7591+30927.7,,40,A312_TP304L
 =21945/2519285,FLAN,X 115915mm Y -7685mm Z 30932mm,X 115915mm Y -7685mm Z 30932mm,X 115915mm Y -7685mm Z 30988mm,XA-103-25A_004/B1,33.4,3.38,   0.000  -1.000   0.000,,,0,0,,1.02,115861+-7739+30932.2+115969+-7631+30988.3,,,STEEL
 =30137/1702883,TUBI,X 112465mm Y -7685mm Z 30821mm,X 112465mm Y -7685mm Z 30796mm,X 112465mm Y -7685mm Z 30847mm,XG-212-25A_001/B1,33.4,3.38,   0.000  -1.000   0.000,,,0,0,,0.1279,112408.3+-7741.7+30796+112521.7+-7628.3+30846.6,,40,A312_TP304L
 =38329/60919,FLAN,X 112465mm Y -7685mm Z 30902mm,X 112465mm Y -7685mm Z 30847mm,X 112465mm Y -7685mm Z 30902mm,XG-212-25A_001/B1,33.4,3.38,   0.000  -1.000   0.000,,,0,0,,1.04,112371+-7779+30846.6+112559+-7591+30901.9,,40,A312_TP304L
 =38329/60922,TUBI,X 113190mm Y -7685mm Z 30821mm,X 113190mm Y -7685mm Z 30796mm,X 113190mm Y -7685mm Z 30847mm,XG-211-25A_001/B1,33.4,3.38,   0.000  -1.000   0.000,,,0,0,,0.1279,113133.3+-7741.7+30796+113246.7+-7628.3+30846.6,,40,A312_TP304L
 =38329/60923,FLAN,X 113190mm Y -7685mm Z 30902mm,X 113190mm Y -7685mm Z 30847mm,X 113190mm Y -7685mm Z 30902mm,XG-211-25A_001/B1,33.4,3.38,   0.000  -1.000   0.000,,,0,0,,1.04,113096+-7779+30846.6+113284+-7591+30901.9,,40,A312_TP304L
 =54713/110077,FLAN,X 111220mm Y -7793mm Z 31431mm,X 111220mm Y -7738mm Z 31431mm,X 111220mm Y -7793mm Z 31431mm,X7-511-25A_008/B1,33.4,3.38,   0.000   0.000   1.000,,,0,0,,1.04,111166+-7793.5+31376.6+111274+-7738.1+31484.5,,,A312_TP304L
 =54713/110076,ELBO,X 111220mm Y -7700mm Z 31431mm,X 111220mm Y -7700mm Z 31392mm,X 111220mm Y -7738mm Z 31431mm,X7-511-25A_008/B1,33.4,3.38,   1.000   0.000   0.000,X 111220mm Y -7711mm Z 31419mm,,0,0,,0.15,111203.2+-7738.1+31392.5+111236.8+-7683.2+31447.3,,,A312_TP304L
 =30137/1702760,TUBI,X 111220mm Y -7700mm Z 31085mm,X 111220mm Y -7700mm Z 31392mm,X 111220mm Y -7700mm Z 30778mm,X7-511-25A_008/B1,33.4,3.38,   0.000   1.000   0.000,,,0,0,,1.5531,111203.3+-7716.7+30778.1+111236.7+-7683.3+31392.5,,,A312_TP304L
 =21945/2687589,UBOLT,X 111220mm Y -7700mm Z 31126mm,X 111220mm Y -7700mm Z 31126mm,X 111220mm Y -7700mm Z 31126mm,X7-511-25A_008/B1,0,0,   0.000  -1.000   0.000,,,0,0,2,0.3512,111181+-7730.1+31106+111259+-7643.7+31146,,,
 =21945/819882,ELBO,X 111220mm Y -7700mm Z 30740mm,X 111220mm Y -7700mm Z 30778mm,X 111220mm Y -7662mm Z 30740mm,X7-511-25A_008/B1,33.4,3.38,   1.000   0.000   0.000,X 111220mm Y -7689mm Z 30751mm,,0,0,,0.15,111203.2+-7716.8+30723.2+111236.8+-7661.9+30778.1,,,A312_TP304L
 =30137/1702761,TUBI,X 111220mm Y -7344mm Z 30740mm,X 111220mm Y -7662mm Z 30740mm,X 111220mm Y -7027mm Z 30740mm,X7-511-25A_008/B1,33.4,3.38,   0.000   0.000   1.000,,,0,0,,1.605,111203.3+-7661.9+30723.3+111236.7+-7027+30756.7,,,A312_TP304L
 =21945/2582715,TUBI,X 111220mm Y -4025mm Z 30740mm,X 111220mm Y -7025mm Z 30740mm,X 111220mm Y -1025mm Z 30740mm,X7-511-25A_008/B1,33.4,3.38,   0.000   0.000   1.000,,,0,0,,15.168,111203.3+-7025+30723.3+111236.7+-1025+30756.7,,,A312_TP304L
 =21945/2687536,UBOLT,X 111220mm Y -6842mm Z 30740mm,X 111220mm Y -6842mm Z 30740mm,X 111220mm Y -6842mm Z 30740mm,X7-511-25A_008/B1,0,0,   0.000   0.000   1.000,,,0,0,3,0.3512,111181+-6862.5+30683.7+111259+-6822.5+30770.1,,,
 =21945/2687534,UBOLT,X 111220mm Y -4842mm Z 30740mm,X 111220mm Y -4842mm Z 30740mm,X 111220mm Y -4842mm Z 30740mm,X7-511-25A_008/B1,0,0,   0.000   0.000   1.000,,,0,0,3,0.3512,111181+-4862.5+30683.7+111259+-4822.5+30770.1,,,
 =21945/2687526,UBOLT,X 111220mm Y -2842mm Z 30740mm,X 111220mm Y -2842mm Z 30740mm,X 111220mm Y -2842mm Z 30740mm,X7-511-25A_008/B1,0,0,   0.000   0.000   1.000,,,0,0,3,0.3512,111181+-2862.5+30683.7+111259+-2822.5+30770.1,,,
 =21945/2687505,UBOLT,X 111220mm Y -1162mm Z 30740mm,X 111220mm Y -1162mm Z 30740mm,X 111220mm Y -1162mm Z 30740mm,X7-511-25A_008/B1,0,0,   0.000   0.000   1.000,,,0,0,3,0.3512,111181+-1182.5+30683.7+111259+-1142.5+30770.1,,,
 =21945/822793,TUBI,X 111220mm Y -825mm Z 30740mm,X 111220mm Y -1025mm Z 30740mm,X 111220mm Y -625mm Z 30740mm,X7-511-25A_008/B1,33.4,3.38,   0.000   0.000   1.000,,,0,0,,1.0112,111203.3+-1025+30723.3+111236.7+-625+30756.7,,,A312_TP304L
 =30137/1702781,TUBI,X 110860mm Y -7700mm Z 30991mm,X 110778mm Y -7700mm Z 30991mm,X 110942mm Y -7700mm Z 30991mm,X7-512-25A_005/B3,33.4,3.38,   0.000   0.000   1.000,,,0,0,,0.4141,110778.1+-7716.7+30974.1+110941.9+-7683.3+31007.5,,,A312_TP304L
 =21945/819850,ELBO,X 110980mm Y -7700mm Z 30991mm,X 110980mm Y -7700mm Z 31029mm,X 110942mm Y -7700mm Z 30991mm,X7-512-25A_005/B3,33.4,3.38,   0.000   1.000   0.000,X 110969mm Y -7700mm Z 31002mm,,0,0,,0.15,110941.9+-7716.8+30974.1+110996.8+-7683.2+31028.9,,,A312_TP304L
 =30137/1702782,TUBI,X 110980mm Y -7700mm Z 31211mm,X 110980mm Y -7700mm Z 31029mm,X 110980mm Y -7700mm Z 31392mm,X7-512-25A_005/B3,33.4,3.38,   0.000  -1.000   0.000,,,0,0,,0.9189,110963.3+-7716.7+31028.9+110996.7+-7683.3+31392.5,,,A312_TP304L
 =21945/2687588,UBOLT,X 110980mm Y -7700mm Z 31126mm,X 110980mm Y -7700mm Z 31126mm,X 110980mm Y -7700mm Z 31126mm,X7-512-25A_005/B3,0,0,   0.000  -1.000   0.000,,,0,0,2,0.3512,110941+-7730.1+31106+111019+-7643.7+31146,,,
 =54713/110511,ELBO,X 110980mm Y -7700mm Z 31431mm,X 110980mm Y -7700mm Z 31392mm,X 110980mm Y -7738mm Z 31431mm,X7-512-25A_005/B3,33.4,3.38,   1.000   0.000   0.000,X 110980mm Y -7711mm Z 31419mm,,0,0,,0.15,110963.2+-7738.1+31392.5+110996.8+-7683.2+31447.3,,,A312_TP304L
 =54713/110512,FLAN,X 110980mm Y -7793mm Z 31431mm,X 110980mm Y -7738mm Z 31431mm,X 110980mm Y -7793mm Z 31431mm,X7-512-25A_005/B3,33.4,3.38,   0.000   0.000   1.000,,,0,0,,1.04,110926+-7793.5+31376.6+111034+-7738.1+31484.5,,,A312_TP304L
 =71097/8538,ELBO,X 115565mm Y -6250mm Z 31540mm,X 115032mm Y -6250mm Z 31540mm,X 115565mm Y -6250mm Z 31007mm,XA-103-350A_004/B2,355.6,4.78,   0.000   1.000   0.000,X 115197mm Y -6250mm Z 31514mm+X 115346mm Y -6250mm Z 31438mm+X 115464mm Y -6250mm Z 31320mm+X 115539mm Y -6250mm Z 31171mm,,0,0,,34.6,115031.6+-6507.8+31007.1+115822.8+-5992.2+31798.3,,80,A312_TP304L
 =30137/1702855,TUBI,X 114811mm Y -6250mm Z 31540mm,X 115032mm Y -6250mm Z 31540mm,X 114590mm Y -6250mm Z 31540mm,XA-103-350A_004/B2,355.6,4.78,   0.000   0.000   1.000,,,0,0,,18.449,114590+-6507.8+31282.7+115031.6+-5992.2+31798.3,,80,A312_TP304L
 =21945/820157,OLET,X 114590mm Y -6250mm Z 31540mm,X 114590mm Y -6250mm Z 31540mm,X 114590mm Y -6250mm Z 31745mm,XA-103-350A_004/B2,355.6,9.53,  -1.000   0.000   0.000,,,33.4,3.38,,0.23,114563+-6277+31718.3+114617+-6223+31745.3,,80,A312_TP304L
 =21945/820157,TUBI,X 114439mm Y -6250mm Z 31540mm,X 114590mm Y -6250mm Z 31540mm,X 114289mm Y -6250mm Z 31540mm,XA-103-350A_004/B2,355.6,4.78,   0.000   0.000   1.000,,,0,0,,12.596,114288.5+-6507.8+31282.7+114590+-5992.2+31798.3,,80,A312_TP304L
 =71097/8545,FLAN,X 114162mm Y -6250mm Z 31540mm,X 114289mm Y -6250mm Z 31540mm,X 114162mm Y -6250mm Z 31540mm,XA-103-350A_004/B2,355.6,4.78,   0.000   0.000   1.000,,,0,0,,51.75,114161.5+-6596.7+31193.8+114288.5+-5903.3+31887.2,,80,A312_TP304L
 =21945/2606114,ATTA,X 114113mm Y -6250mm Z 31540mm,X 114113mm Y -6250mm Z 31540mm,X 114113mm Y -6250mm Z 31540mm,XA-103-350A_004/B2,0,0,,,,0,0,,6.2685,114026.7+-6555.9+31083.9+114199.8+-5964.1+31504.9,,80,
 =21945/2178940,VALV,X 114111mm Y -6250mm Z 31540mm,X 114157mm Y -6250mm Z 31540mm,X 114065mm Y -6250mm Z 31540mm,XA-103-350A_004/B2,0,0,,,,0,0,,150,113959.5+-6809+31237.5+114560+-5983.5+32594.5,,80,
